Fecha;Mes;Dia;Hora;PrMargEsp;PrMargPor;EnTotCompraEsp;EnTotVentaEsp;EnTotCompraPor;EnTotVentaPor;EnTotIberia;EnTotBilat;ImpEspPor;ExpEspPor
27/8/21;8;5;1;125,33;125,33;18417,9;15378;5277;5819,9;23694,9;31872,5;542,9;0
27/8/21;8;5;2;122,76;122,76;17161,1;14953,1;4938,1;4649,1;22099,2;30229,9;0;289
27/8/21;8;5;3;121,07;121,07;16319,7;14197,7;4658;4283;20977,7;28732,6;0;375
27/8/21;8;5;4;120,06;120,06;16085,5;13882,3;4491,2;4197,4;20576,7;27982,5;0;293,8
27/8/21;8;5;5;119,91;119,91;15902,9;13732,3;4425,4;3960;20328,3;27620,1;0;465,4
27/8/21;8;5;6;119,91;119,91;15942,9;13679;4401;4028,9;20343,9;27770,4;0;372,1
27/8/21;8;5;7;120,41;120,41;16751,8;13949;4439;4605,8;21190,8;29424,4;166,8;0
27/8/21;8;5;8;122;122;17965,1;15013,1;4572,2;4842,2;22537,3;30856,3;270;0
27/8/21;8;5;9;122,67;122,67;19174,7;16167,2;4800,3;5125,8;23975;32637,3;325,5;0
27/8/21;8;5;10;121,86;121,86;20825,3;18160;5338,3;5321,6;26163,6;34908,8;0;16,7
27/8/21;8;5;11;119,91;119,91;22666,1;20340,6;5659,2;5302,7;28325,3;36672;0;356,5
27/8/21;8;5;12;119,87;119,87;23780,7;21856,7;5832,4;5074,4;29613,1;37419,9;0;758
27/8/21;8;5;13;119,87;119,87;24999,2;22814;5984,4;5302,6;30983,6;38680,9;0;681,8
27/8/21;8;5;14;119,91;119,91;25462,9;23271,4;6004,4;5328,9;31467,3;39196,5;0;675,5
27/8/21;8;5;15;119,87;119,87;25653,3;23659,8;5898,5;5025;31551,8;39063,6;0;873,5
27/8/21;8;5;16;107;107;25091,1;23692;5976,3;4462,4;31067,4;38657,9;0;1513,9
27/8/21;8;5;17;108,72;108,72;24290,5;22863,8;5993,8;4507,5;30284,3;38011;0;1486,3
27/8/21;8;5;18;106,75;106,75;23695,1;22242,2;6006,3;4546,2;29701,4;37673,2;0;1460,1
27/8/21;8;5;19;107,7;107,7;22916,5;20895,2;5923,2;4892,5;28839,7;37008;0;1030,7
27/8/21;8;5;20;119,91;119,91;21677,1;18863,6;5912,4;5673,9;27589,5;36100;0;238,5
27/8/21;8;5;21;122,34;122,34;20492;17490;6043,6;5993,6;26535,6;35776;0;50
27/8/21;8;5;22;124,67;124,67;21110,1;17832,9;6247,8;6473;27357,9;36620,5;225,2;0
27/8/21;8;5;23;122,95;122,95;20547,8;17614,1;6064,2;5945,9;26612;35285,3;0;118,3
27/8/21;8;5;24;120,41;120,41;19281,6;16359,5;5667,5;5537,6;24949,1;32876,2;0;129,9
28/8/21;8;6;1;128,29;128,29;18086,4;15629,6;5268,2;5228;23354,6;31461,9;0;40,2
28/8/21;8;6;2;126,53;126,53;16715,7;15054;4801,6;3966,3;21517,3;29655,8;0;835,3
28/8/21;8;6;3;123,94;123,94;15502,7;14290,1;4516,6;3232,2;20019,3;28112,6;0;1284,4
28/8/21;8;6;4;122,95;122,95;14837,5;13899;4360,7;2802,2;19198,2;27203,9;0;1558,5
28/8/21;8;6;5;118,53;118,53;14365,3;13605,4;4289,5;2506,4;18654,8;26604,5;0;1783,1
28/8/21;8;6;6;117,14;117,14;14097,8;13424,6;4243;2373,2;18340,8;26266,3;0;1869,8
28/8/21;8;6;7;119,45;119,45;14074,6;13220,4;4244,6;2555,8;18319,2;26276,9;0;1688,8
28/8/21;8;6;8;120,27;120,27;13894,8;13099,8;4258,2;2510,2;18153;26301;0;1748
28/8/21;8;6;9;120,95;120,95;14867,1;13682;4300,9;2665;19168;27459,4;0;1635,9
28/8/21;8;6;10;122,5;122,5;16818,4;15810,8;4643,2;2829,8;21461,6;29621,4;0;1813,4
28/8/21;8;6;11;109,43;109,43;18717,1;18580,9;4886,8;2202;23603,9;31512,3;0;2684,8
28/8/21;8;6;12;94,5;94,5;20037,4;20072,4;5141,6;2285,6;25179;33014,1;0;2856
28/8/21;8;6;13;93;93;21034,7;21006,4;5334,7;2357;26369,4;34155,5;0;2977,7
28/8/21;8;6;14;96,4;96,4;21428,9;21379,4;5440,2;2483,7;26869,1;34663,5;0;2956,5
28/8/21;8;6;15;93,99;93,99;21823,4;21523,6;5321,5;2615,3;27144,9;34790,5;0;2706,2
28/8/21;8;6;16;91,02;91,02;22085,6;21656,2;5251,2;2674,6;27336,8;35090,8;0;2576,6
28/8/21;8;6;17;88,59;88,59;21417;20967,2;5356,2;2800;26773,2;34558,4;0;2556,2
28/8/21;8;6;18;87,95;87,95;21123,9;20766,8;5497,6;2848,7;26621,5;34467,5;0;2648,9
28/8/21;8;6;19;89,5;89,5;21070,2;20338;5139,3;2865,5;26209,5;34144,1;0;2273,8
28/8/21;8;6;20;97,5;97,5;19371;18708,6;5262,3;2779,7;24633,3;32675,6;0;2482,6
28/8/21;8;6;21;117,04;117,04;18145,3;17126,2;5463,7;3337,8;23609;32372,7;0;2125,9
28/8/21;8;6;22;125,01;125,01;18833,9;17252;5727,2;4164,1;24561,1;33398,6;0;1563,1
28/8/21;8;6;23;123,94;123,94;18226;16623;5591,9;4049,9;23817,9;32288,5;0;1542
28/8/21;8;6;24;116,86;116,86;16977,7;16550,8;5288,4;2570,3;22266,1;30327,5;0;2718,1
29/8/21;8;7;1;103;103;16229,2;16184,2;4982,1;2530,1;21211,3;29304,8;0;2452
29/8/21;8;7;2;93,11;93,11;15246;15004,3;4662,3;2407;19908,3;27857;0;2255,3
29/8/21;8;7;3;93,08;93,08;14819,3;14359,6;4400,7;2363,4;19220;26898,5;0;2037,3
29/8/21;8;7;4;93,08;93,08;14379,4;13794,6;4211,9;2346,7;18591,3;26009,6;0;1865,2
29/8/21;8;7;5;93,08;93,08;14061,9;13399,5;4115,7;2328,1;18177,6;25393,2;0;1787,6
29/8/21;8;7;6;93,11;93,11;13464,1;12807,5;4077,9;2284,5;17542;24750,5;0;1793,4
29/8/21;8;7;7;101,79;101,79;13387,8;12753,9;4078,4;2262,3;17466,2;24798,2;0;1816,1
29/8/21;8;7;8;102,6;102,6;13264,3;12562,1;4052;2304,2;17316,3;24621,7;0;1747,8
29/8/21;8;7;9;102,44;102,44;13664,6;12596,3;4022,7;2316;17687,3;25247,9;0;1706,7
29/8/21;8;7;10;105,98;105,98;14791,4;13952,4;4292;2356;19083,4;26745,8;0;1936
29/8/21;8;7;11;93,1;93,1;16763,7;16194,2;4578;2372,5;21341,7;28888,6;0;2205,5
29/8/21;8;7;12;93,06;93,06;18076,6;17835,6;4897,3;2363,3;22973,9;30463,3;0;2534
29/8/21;8;7;13;93,08;93,08;18623,7;18413,5;5156,1;2406,3;23779,8;31233,1;0;2749,8
29/8/21;8;7;14;96,97;96,97;19059,9;18868,5;5290,4;2521,8;24350,3;31764,7;0;2768,6
29/8/21;8;7;15;99,44;99,44;19262,4;18918,9;5121,9;2598,4;24384,3;31805,7;0;2523,5
29/8/21;8;7;16;93,08;93,08;19450,6;18849;4981,3;2715,9;24431,9;31879,8;0;2265,4
29/8/21;8;7;17;93,06;93,06;19405,7;18607;4890,4;2822,1;24296,1;31888,7;0;2068,3
29/8/21;8;7;18;93,06;93,06;18994,5;18054,8;4820,5;2893,2;23815;31521,7;0;1927,3
29/8/21;8;7;19;93,8;93,8;17886,7;17005,3;4860,1;2874,5;22746,8;30612,6;0;1985,6
29/8/21;8;7;20;111,97;111,97;16991,9;16177,8;5008,6;2816,7;22000,5;30092,6;0;2191,9
29/8/21;8;7;21;125,53;125,53;17174,9;15786,4;5254,7;3637,2;22429,6;30812,8;0;1617,5
29/8/21;8;7;22;128,41;128,41;18477,2;16765,6;5620,2;4325,8;24097,4;32724,4;0;1294,4
29/8/21;8;7;23;127,39;127,39;17856,3;16283,7;5566,9;4133,5;23423,2;32049;0;1433,4
29/8/21;8;7;24;125,6;125,6;16733,6;15697,6;5271,3;3301,3;22004,9;30493,5;0;1970
30/8/21;8;1;1;122,81;122,81;16144,2;15398,9;4929,8;3325,1;21074;29004,1;0;1604,7
30/8/21;8;1;2;117,41;117,41;15230,9;14959,7;4637,6;2558,8;19868,5;27684,7;0;2078,8
30/8/21;8;1;3;112,31;112,31;14324,3;14081,6;4393,8;2286,5;18718,1;26434,9;0;2107,3
30/8/21;8;1;4;112,31;112,31;13880,9;13564,6;4245,6;2211,9;18126,5;25704,5;0;2033,7
30/8/21;8;1;5;116,51;116,51;13995,9;13218,5;4182,2;2369,6;18178,1;25646,1;0;1812,6
30/8/21;8;1;6;120,95;120,95;14185,7;13127,3;4172,6;2641;18358,3;25838,6;0;1531,6
30/8/21;8;1;7;125;125;15960,2;13924,7;4237;3682,5;20197,2;27905,5;0;554,5
30/8/21;8;1;8;128,02;128,02;17861,9;15162,9;4429,9;4261,9;22291,8;30142;0;168
30/8/21;8;1;9;131,92;131,92;19260,8;16728,1;4684,8;5355;23945,6;31898,5;670,2;0
30/8/21;8;1;10;132,92;132,92;20910;19536,6;5220,4;5603,8;26130,4;33988,2;383,4;0
30/8/21;8;1;11;128,53;128,53;22227,6;20970,1;5577,5;5391,2;27805,1;35536,9;0;186,3
30/8/21;8;1;12;126,1;126,1;23092,8;21776,9;5770,7;4887,5;28863,5;36524,4;0;883,2
30/8/21;8;1;13;125,05;125,05;24093,7;22030,9;5944,5;4955,3;30038,2;37670,3;0;989,2
30/8/21;8;1;14;125,05;125,05;24527,5;22473,7;6015,1;5016,9;30542,6;38149,2;0;998,2
30/8/21;8;1;15;125,01;125,01;24417,1;22386,1;5982,4;5053,4;30399,5;37943,8;0;929
30/8/21;8;1;16;122,53;122,53;23838,6;21968,3;6098,2;5008,5;29936,8;37537,3;0;1089,7
30/8/21;8;1;17;121,72;121,72;23365;21613,7;6116,9;4908,2;29481,9;37105,2;0;1208,7
30/8/21;8;1;18;122,81;122,81;22925,7;21044,3;6144,9;5205,3;29070,6;36745,5;0;939,6
30/8/21;8;1;19;122,81;122,81;22045,8;20085,8;6041,3;5180,3;28087,1;35869,3;0;861
30/8/21;8;1;20;128,48;128,48;21236,3;20009,9;6029;5699;27265,3;35225,4;0;330
30/8/21;8;1;21;130,04;130,04;20715,1;18507,9;6158,3;5961,4;26873,4;35257,6;0;196,9
30/8/21;8;1;22;132,82;132,82;21343,8;18701,8;6421,4;6242,4;27765,2;36433,6;0;179
30/8/21;8;1;23;129,14;129,14;20176;17874,9;6257,1;5737,2;26433,1;35123,7;0;519,9
30/8/21;8;1;24;126,58;126,58;18230,4;16471,6;5831,9;4769,7;24062,3;32451,4;0;1062,2
31/8/21;8;2;1;132,22;132,22;18535,6;16437,3;5385,7;4987;23921,3;31817,1;0;398,7
31/8/21;8;2;2;130;130;17230,6;15311,8;4982,1;4403,9;22212,7;30025,6;0;578,2
31/8/21;8;2;3;128,9;128,9;16221,2;14543,6;4697,9;3878,5;20919,1;28669,9;0;819,4
31/8/21;8;2;4;125,95;125,95;15636,4;14087,3;4546,9;3599;20183,3;27902,9;0;947,9
31/8/21;8;2;5;126,53;126,53;15387,7;13738,7;4488,2;3594,2;19875,9;27537;0;894
31/8/21;8;2;6;128,45;128,45;15621,6;13773,4;4464,4;3769,6;20086;27738,2;0;694,8
31/8/21;8;2;7;132,24;132,24;17026,1;14217,2;4513;4778,9;21539,1;29334,6;265,9;0
31/8/21;8;2;8;133,47;133,47;18387,2;15490,7;4671;4839,5;23058,2;31206,1;168,5;0
31/8/21;8;2;9;137,02;137,02;19385,5;17103,3;4913,6;5544,7;24299,1;32665,1;631,1;0
31/8/21;8;2;10;135,84;135,84;21240,1;19275,3;5470,5;5343,8;26710,6;35012,5;0;126,7
31/8/21;8;2;11;131,45;131,45;22344,8;20077,3;5798,5;5338;28143,3;36364;0;460,5
31/8/21;8;2;12;128,9;128,9;23244,6;21510,5;5889,3;4895,4;29133,9;37311,8;0;993,9
31/8/21;8;2;13;128,45;128,45;24169,2;22431,7;6086,8;4818,3;30256;38433,6;0;1268,5
31/8/21;8;2;14;128,95;128,95;24941,7;22714,2;6137,4;5358,9;31079,1;39020,1;0;778,5
31/8/21;8;2;15;128,95;128,95;24898,7;22876,4;6083,3;5238,6;30982;38922,7;0;844,7
31/8/21;8;2;16;123,48;123,48;24098,9;22845,9;6195,9;4581,9;30294,8;38301;0;1614
31/8/21;8;2;17;123,35;123,35;23658,1;22383,8;6199,9;4607,2;29858;37895,3;0;1592,7
31/8/21;8;2;18;128;128;23230;21656,3;6129,3;4836;29359,3;37395,3;0;1293,3
31/8/21;8;2;19;129,46;129,46;22471,6;20161,2;6044,4;5487,8;28516;36565,9;0;556,6
31/8/21;8;2;20;134,07;134,07;21292,7;20151,1;6045,1;5688,2;27337,8;35937,4;0;356,9
31/8/21;8;2;21;134,9;134,9;21228,9;18945,6;6206,1;5652,2;27435;36190,8;0;553,9
31/8/21;8;2;22;137,46;137,46;21805,7;19333,3;6369,1;5974,5;28174,8;37045,2;0;394,6
31/8/21;8;2;23;133,47;133,47;20763;18613,2;6181;5463,8;26944;35688,2;0;717,2
31/8/21;8;2;24;131,22;131,22;19190,1;16958,6;5805,7;5170,2;24995,8;33183,4;0;635,5
1/9/21;9;3;1;130,95;130,95;17739,8;16157,4;5402,1;4584,5;23141,9;31385,6;0;817,6
1/9/21;9;3;2;125,26;125,26;16531,7;15405,8;5085,7;3811,6;21617,4;29725,3;0;1274,1
1/9/21;9;3;3;119,45;119,45;15739,6;14759,9;4833,5;3413,2;20573,1;28561,2;0;1420,3
1/9/21;9;3;4;114,74;114,74;15318,7;14381,1;4675,5;3213,1;19994,2;27947,2;0;1462,4
1/9/21;9;3;5;114,76;114,76;15178,7;14106,5;4600,6;3129,8;19779,3;27646,7;0;1470,8
1/9/21;9;3;6;121,15;121,15;15346,9;13858,1;4562,4;3508,2;19909,3;27740,3;0;1054,2
1/9/21;9;3;7;130,95;130,95;16956,3;14425,3;4611;4599;21567,3;29377,5;0;12
1/9/21;9;3;8;136,31;136,31;18477,3;14519;4802,9;5894,2;23280,2;31276,3;1091,3;0
1/9/21;9;3;9;137,92;137,92;19356,4;15797,4;5066;6344,1;24422,4;32880,5;1278,1;0
1/9/21;9;3;10;137,61;137,61;20660,7;17048,8;5677,4;6422,3;26338,1;34817,7;744,9;0
1/9/21;9;3;11;136,05;136,05;21685,5;18174,1;5911,4;6555,8;27596,9;35869,5;644,4;0
1/9/21;9;3;12;134,93;134,93;22377,6;19422;6089,3;6177,9;28466,9;36728,1;88,6;0
1/9/21;9;3;13;134,93;134,93;23223,7;20285,5;6246,2;6271,4;29469,9;37711;25,2;0
1/9/21;9;3;14;134,97;134,97;23775,7;20854,9;6358,3;6366,1;30134;38179,2;7,8;0
1/9/21;9;3;15;134,93;134,93;23728,6;21128,7;6306,6;6131,5;30035,2;38053;0;175,1
1/9/21;9;3;16;134,41;134,41;22997,1;20926,7;6350,6;5646;29347,7;37429,9;0;704,6
1/9/21;9;3;17;134,93;134,93;22630,7;20368,6;6332,9;5820;28963,6;37086,8;0;512,9
1/9/21;9;3;18;135,12;135,12;22196,4;19547,5;6237,6;6111,5;28434;36499,4;0;126,1
1/9/21;9;3;19;136,31;136,31;21413,3;18503,9;6151,9;6148,3;27565,2;35684,9;0;3,6
1/9/21;9;3;20;138,41;138,41;20826,5;17938,5;6167,2;6605,1;26993,7;35427,4;437,9;0
1/9/21;9;3;21;139,16;139,16;20683,9;17276;6317;6811,9;27000,9;35629,1;494,9;0
1/9/21;9;3;22;139,95;139,95;21017,8;17507,9;6541,4;7138,3;27559,2;36535,2;596,9;0
1/9/21;9;3;23;138,42;138,42;19739,6;16651,6;6310,1;6485,1;26049,7;34973;175;0
1/9/21;9;3;24;137,54;137,54;18697,8;15743;5892,1;5933,9;24589,9;32396,4;41,8;0
2/9/21;9;4;1;140,6;140,6;18213,2;15753,3;5380,7;5640,6;23593,9;31153,4;259,9;0
2/9/21;9;4;2;139,75;139,75;17252,6;14950,7;4999,3;5101,2;22251,9;29670,1;101,9;0
2/9/21;9;4;3;138,6;138,6;16280,4;14123,3;4794,2;4751,3;21074,6;28442,5;0;42,9
2/9/21;9;4;4;137,78;137,78;15792,9;13865,3;4625,6;4353,2;20418,5;27743,6;0;272,4
2/9/21;9;4;5;137,78;137,78;15593,9;13594,9;4543;4292;20136,9;27432,6;0;251
2/9/21;9;4;6;138,31;138,31;15906,8;13408,9;4518,8;4766,7;20425,6;27705;247,9;0
2/9/21;9;4;7;140;140;17638;14397,1;4587,3;5578,2;22225,3;29624,2;990,9;0
2/9/21;9;4;8;140,82;140,82;19103,9;15213,9;4741,8;5764,8;23845,7;31671,5;1023;0
2/9/21;9;4;9;141,62;141,62;19757,2;16097,5;5047,2;5961,4;24804,4;33099,9;914,2;0
2/9/21;9;4;10;140,72;140,72;21088,8;17808,8;5612,3;6025,3;26701,1;35076,2;413;0
2/9/21;9;4;11;139,9;139,9;22785,1;19720,6;5928,6;6126,1;28713,7;36742,4;197,5;0
2/9/21;9;4;12;138,31;138,31;23482,1;20857;6135;5893,1;29617,1;37611,6;0;241,9
2/9/21;9;4;13;138,6;138,6;24451,6;21826;6304;6016,6;30755,6;38559,7;0;287,4
2/9/21;9;4;14;138,91;138,91;24875,3;22096,5;6324,9;6190,7;31200,2;38806,2;0;134,2
2/9/21;9;4;15;138,6;138,6;24727,7;21866,5;6245,5;6193,7;30973,2;38577;0;51,8
2/9/21;9;4;16;137,78;137,78;23936,4;21530,5;6336,1;5829;30272,5;37929,4;0;507,1
2/9/21;9;4;17;137,45;137,45;23480,7;21025;6258,5;5801,2;29739,2;37428,2;0;457,3
2/9/21;9;4;18;138,06;138,06;23261,8;20278,4;6240,9;6311,3;29502,7;37109;70,4;0
2/9/21;9;4;19;139,21;139,21;22577,3;19155,4;6161,4;6438,3;28738,7;36375;276,9;0
2/9/21;9;4;20;143,41;143,41;21363,6;18653,4;6120,2;7553,9;27483,8;35558,1;1433,7;0
2/9/21;9;4;21;144,35;144,35;21276,6;16937;6258;7452,6;27534,6;35747,6;1194,6;0
2/9/21;9;4;22;148;148;21540;17046,6;6470,9;7819,3;28010,9;36209,2;1348,4;0
2/9/21;9;4;23;145;145;20510,4;16233,5;6243,5;7375,4;26753,9;34814,8;1131,9;0
2/9/21;9;4;24;141,89;141,89;19115,2;15251,4;5833,8;6552,6;24949;32656;718,8;0
3/9/21;9;5;1;143,66;143,66;17837,6;14738;5410,5;5910,1;23248,1;30717,4;499,6;0
3/9/21;9;5;2;141;141;16486,7;14456,8;5040,2;4470,1;21526,9;28958,2;0;570,1
3/9/21;9;5;3;140;140;15997,7;13891,2;4741,6;4248,1;20739,3;27980,5;0;493,5
3/9/21;9;5;4;139,95;139,95;16012,3;13856,5;4607,4;4163,2;20619,7;27843,6;0;444,2
3/9/21;9;5;5;139,27;139,27;15809,7;13698,1;4544,6;4056,2;20354,3;27569,3;0;488,4
3/9/21;9;5;6;139,49;139,49;15908,7;13712,1;4514,6;4111,2;20423,3;27655,9;0;403,4
3/9/21;9;5;7;140,27;140,27;17029,1;14328,2;4578,5;4679,4;21607,6;28897,8;100,9;0
3/9/21;9;5;8;142,96;142,96;18669,6;15248;4769,4;5591;23439;31123,2;821,6;0
3/9/21;9;5;9;143,66;143,66;19641,2;16274,4;5010,2;5777;24651,4;32600,7;766,8;0
3/9/21;9;5;10;142,35;142,35;21030,9;18623,2;5620,5;5428,2;26651,4;34592,5;0;192,3
3/9/21;9;5;11;140;140;22790,6;21075,1;5939,5;5055;28730,1;36736,1;0;884,5
3/9/21;9;5;12;136,85;136,85;23618,1;22202,9;6105,6;4920,8;29723,7;37570,6;0;1184,8
3/9/21;9;5;13;131,55;131,55;24430,5;23220,7;6213,2;4823;30643,7;38464,9;0;1390,2
3/9/21;9;5;14;133,01;133,01;24944,9;23560,4;6198,7;4983,2;31143,6;38778;0;1215,5
3/9/21;9;5;15;127,12;127,12;24838,1;23488,9;6124,2;4873,4;30962,3;38628;0;1250,8
3/9/21;9;5;16;121,75;121,75;24086,5;22936,2;6275,9;4826,2;30362,4;38046,3;0;1449,7
3/9/21;9;5;17;119,42;119,42;23531,7;22307,2;6291,6;4916,1;29823,3;37528;0;1375,5
3/9/21;9;5;18;122;122;22971,8;21684,2;6224,7;4912,3;29196,5;36902,2;0;1312,4
3/9/21;9;5;19;136,74;136,74;21950,6;20221,3;6118,2;5247,5;28068,8;35822,1;0;870,7
3/9/21;9;5;20;143,93;143,93;20470,4;19362,9;6081,8;6698,6;26552,2;34702;616,8;0
3/9/21;9;5;21;144,63;144,63;20280,5;17106,4;6181,7;6755,8;26462,2;35034;574,1;0
3/9/21;9;5;22;147,57;147,57;21215,7;17446,6;6432,9;7602;27648,6;35890,9;1169,1;0
3/9/21;9;5;23;145,37;145,37;19798,1;16534,6;6192,1;6855,6;25990,2;34142,7;663,5;0
3/9/21;9;5;24;142,25;142,25;18139;15858,1;5783,4;5464,3;23922,4;31588;0;319,1
4/9/21;9;6;1;150;150;17090,7;14192,5;5346,1;5608,3;22436,8;30920,7;262,2;0
4/9/21;9;6;2;149,66;149,66;16238,2;13963,1;4905,4;4544,5;21143,6;29398;0;360,9
4/9/21;9;6;3;148,2;148,2;15339,9;13483,8;4657;3877,1;19996,9;27903,5;0;779,9
4/9/21;9;6;4;147,52;147,52;14831,5;13021,2;4482,9;3703,2;19314,4;26947,2;0;779,7
4/9/21;9;6;5;147,35;147,35;14679,5;12906,5;4380,1;3563,1;19059,6;26292,5;0;817
4/9/21;9;6;6;146,62;146,62;14421,6;12647,8;4333,6;3517,4;18755,2;25962,8;0;816,2
4/9/21;9;6;7;147,35;147,35;14619,5;12774,5;4339,8;3594,8;18959,3;26277,9;0;745
4/9/21;9;6;8;147,52;147,52;14930,3;13018;4382,7;3705;19313;26701,8;0;677,7
4/9/21;9;6;9;144,5;144,5;15817,7;13437,6;4425,1;3660,2;20242,8;27841,6;0;764,9
4/9/21;9;6;10;139,85;139,85;17881;15804,1;4805,5;3737,4;22686,5;29980,1;0;1068,1
4/9/21;9;6;11;120,01;120,01;19246,4;17772,8;5072,7;3401,3;24319,1;31517;0;1671,4
4/9/21;9;6;12;115,01;115,01;20054,5;18985,6;5363,6;3380,5;25418,1;32519,7;0;1983,1
4/9/21;9;6;13;114,2;114,2;20764,3;19847,9;5554,5;3418,9;26318,8;33333,4;0;2135,6
4/9/21;9;6;14;113,7;113,7;21257,3;20375,6;5652,8;3482,5;26910,1;33986,8;0;2170,3
4/9/21;9;6;15;110,92;110,92;21187;20143,1;5519,8;3511,7;26706,8;33841,5;0;2008,1
4/9/21;9;6;16;106,32;106,32;20323,9;19749;5901,4;3424,3;26225,3;33422,1;0;2477,1
4/9/21;9;6;17;106,3;106,3;19612,8;19168,4;5947,2;3339,6;25560;32797,4;0;2607,6
4/9/21;9;6;18;107,54;107,54;19226,4;18310,5;5277,7;3230,2;24504,1;31751,4;0;2047,5
4/9/21;9;6;19;127,33;127,33;18820,1;17890,9;5263,4;3206,2;24083,5;31448,4;0;2057,2
4/9/21;9;6;20;146,5;146,5;18441,5;17129;5332,5;3454;23774;31276,7;0;1878,5
4/9/21;9;6;21;150,01;150,01;18040;15806,7;5486,6;4528,9;23526,6;31568,8;0;957,7
4/9/21;9;6;22;152,27;152,27;18707,5;15706;5809,5;5620;24517;32825,1;0;189,5
4/9/21;9;6;23;150,01;150,01;17535,5;15503,1;5603,9;4445,3;23139,4;31417,4;0;1158,6
4/9/21;9;6;24;148,78;148,78;17088,9;15622,7;5305,2;3580,4;22394,1;29925,7;0;1724,8
5/9/21;9;7;1;149,2;149,2;16246,9;16042,2;4985,1;2553,8;21232;29141,1;0;2431,3
5/9/21;9;7;2;147,13;147,13;14944,1;14589,2;4665,5;2384,4;19609,6;27513,6;0;2281,1
5/9/21;9;7;3;140,86;140,86;13879,5;13572,5;4431,6;2102,6;18311,1;26193,5;0;2329
5/9/21;9;7;4;136,33;136,33;13316,8;12903,1;4238,9;2016,6;17555,7;25282,6;0;2222,3
5/9/21;9;7;5;133,24;133,24;13325,9;12682,3;4138,9;2100,5;17464,8;24982,6;0;2038,4
5/9/21;9;7;6;136,33;136,33;13303;12527;4095,9;2189,9;17398,9;24728,3;0;1906
5/9/21;9;7;7;136,85;136,85;13421;12467,9;4102,5;2373,6;17523,5;24903,6;0;1728,9
5/9/21;9;7;8;135;135;13397,8;12361,5;4112,1;2466,4;17509,9;24740,2;0;1645,7
5/9/21;9;7;9;129,05;129,05;13805,6;12429,5;4080,8;2589,9;17886,4;25055;0;1490,9
5/9/21;9;7;10;115,28;115,28;15034,4;13891;4371,6;2648;19406;26714,8;0;1723,6
5/9/21;9;7;11;107,87;107,87;16639,2;16406;5364,3;2730,5;22003,5;29350;0;2633,8
5/9/21;9;7;12;106,67;106,67;17683,5;18330,4;6332,6;2818,7;24016,1;31390,4;0;3513,9
5/9/21;9;7;13;104,2;104,2;18447,1;19221,3;6953,5;3034,3;25400,6;32809,2;0;3919,2
5/9/21;9;7;14;106,25;106,25;19281,7;19713,9;6821,6;3244,4;26103,3;33567,8;0;3577,2
5/9/21;9;7;15;107;107;19882;19902,3;6474,9;3356,6;26356,9;33815,2;0;3118,3
5/9/21;9;7;16;105,36;105,36;19255,3;19595,9;6731,3;3292,7;25986,6;33478,6;0;3438,6
5/9/21;9;7;17;106,12;106,12;18680,5;18976,1;6563,3;3169,7;25243,8;32756,2;0;3393,6
5/9/21;9;7;18;107,22;107,22;18287,2;18166,9;5977,4;2999,7;24264,6;31765,3;0;2977,7
5/9/21;9;7;19;127,45;127,45;18019,2;17174,9;4978,6;3066,5;22997,8;30523,4;0;1912,1
5/9/21;9;7;20;142;142;17152,8;16174,8;5063,7;2896,7;22216,5;30528,7;0;2167
5/9/21;9;7;21;150,59;150,59;17483,2;16777,3;5350,5;2911,4;22833,7;31256,9;0;2439,1
5/9/21;9;7;22;155;155;18726,8;16966,2;5781,1;4396,7;24507,9;33144,8;0;1384,4
5/9/21;9;7;23;153,71;153,71;18334,9;17210,5;5595,4;3574,8;23930,3;32581,2;0;2020,6
5/9/21;9;7;24;150;150;17315,6;16254;5287,3;3203,9;22602,9;31073,1;0;2083,4
6/9/21;9;1;1;140;140;16661,2;15895;4953,5;3176,7;21614,7;29303,6;0;1776,8
6/9/21;9;1;2;127,37;127,37;15516,2;14361,7;4753,4;3364,9;20269,6;27936,2;0;1388,5
6/9/21;9;1;3;115,87;115,87;14766,8;13394,9;4526,6;3355,5;19293,4;26914,4;0;1171,1
6/9/21;9;1;4;108,52;108,52;14450,7;13119,9;4420,1;3207,9;18870,8;26453,7;0;1212,2
6/9/21;9;1;5;108,52;108,52;14328,5;13054,3;4480,8;3119;18809,3;26395,9;0;1361,8
6/9/21;9;1;6;110;110;14486,1;13085,1;4260,3;3027,4;18746,4;26590,3;0;1232,9
6/9/21;9;1;7;135,97;135,97;15634,5;15633,8;4325,6;3594,9;19960,1;28473,2;0;730,7
6/9/21;9;1;8;144,03;144,03;17218,7;17057,9;4579,8;4586,6;21798,5;30820,4;6,8;0
6/9/21;9;1;9;146;146;18618,9;17789,2;4911,8;5318,9;23530,7;32696,2;407,1;0
6/9/21;9;1;10;139,26;139,26;20392,8;18759,6;5603,4;5009,8;25996,2;35160,1;0;593,6
6/9/21;9;1;11;135;135;22105,7;19905,9;5982,4;5315,2;28088,1;36911,1;0;667,2
6/9/21;9;1;12;134,75;134,75;23313,8;21093,2;6149,4;5734;29463,2;37800,9;0;415,4
6/9/21;9;1;13;130,41;130,41;24107,6;21518,8;6344,7;6297,5;30452,3;38843,3;0;47,2
6/9/21;9;1;14;126,4;126,4;24636,7;21803,1;6335,3;6532,9;30972;39562,4;197,6;0
6/9/21;9;1;15;124,77;124,77;24634,2;21630,5;6308,8;6676,5;30943;39473,5;367,7;0
6/9/21;9;1;16;124,41;124,41;24361,5;21664,7;6446,4;6507,2;30807,9;38980,7;60,8;0
6/9/21;9;1;17;128,67;128,67;23913,8;21342,4;6463,9;6498,9;30377,7;38526,7;35;0
6/9/21;9;1;18;137,73;137,73;23073,4;22181,1;6441,7;6407,6;29515,1;37685;0;34,1
6/9/21;9;1;19;148,52;148,52;22009;21431,6;6273,6;6499,5;28282,6;36669,5;225,9;0
6/9/21;9;1;20;153,63;153,63;20242,1;20851,3;6192,5;6746;26434,6;35543,1;553,5;0
6/9/21;9;1;21;152,88;152,88;20622,2;19765,6;6374;6477,5;26996,2;36263,8;103,5;0
6/9/21;9;1;22;150,5;150,5;21340,9;19162;6572,8;5884,7;27913,7;37281,5;0;688,1
6/9/21;9;1;23;140;140;20196,5;18562,1;6310,9;5078,3;26507,4;35673;0;1232,6
6/9/21;9;1;24;120,27;120,27;18239,1;16469,3;5913,3;4816,1;24152,4;33221,8;0;1097,2
7/9/21;9;2;1;130;130;17371,5;15763,1;5453,2;4711,6;22824,7;31692,2;0;741,6
7/9/21;9;2;2;112;112;16625,7;15392,1;5084,6;4466,5;21710,3;30294,7;0;618,1
7/9/21;9;2;3;108,52;108,52;15875,4;15167,9;4949,4;3945,1;20824,8;29183,4;0;1004,3
7/9/21;9;2;4;105,64;105,64;15548,7;15008,2;5596,1;3982,1;21144,8;29386,1;0;1614
7/9/21;9;2;5;105,1;105,1;15400,4;14894,7;5528,9;3996,8;20929,3;29105,9;0;1532,1
7/9/21;9;2;6;107,74;107,74;15579,6;14903,7;5056,7;4060,7;20636,3;28846,7;0;996
7/9/21;9;2;7;124,76;124,76;16685,2;16031,3;4646,4;4587,1;21331,6;30014,6;0;59,3
7/9/21;9;2;8;142,8;142,8;18191,5;17866,1;4871,7;4753,1;23063,2;32028,8;0;118,6
7/9/21;9;2;9;149,58;149,58;18843,9;18189;5154,6;5615,4;23998,5;33181,2;460,8;0
7/9/21;9;2;10;142,5;142,5;20562,6;19590,3;5813,6;5114,4;26376,2;35536,3;0;699,2
7/9/21;9;2;11;134,51;134,51;21889,6;19964,2;6196,4;5351,7;28086;37103,9;0;844,7
7/9/21;9;2;12;120,07;120,07;23254,5;22044,8;6347,8;5453,1;29602,3;38380,4;0;894,7
7/9/21;9;2;13;111,71;111,71;24059,3;23483,5;6543,3;5647,5;30602,6;39506,4;0;895,8
7/9/21;9;2;14;108,84;108,84;24538,6;24308,9;6586,4;5525,7;31125;40093,2;0;1060,7
7/9/21;9;2;15;108,28;108,28;24396,1;24857,8;6853,2;5329,2;31249,3;40139,7;0;1524
7/9/21;9;2;16;107,98;107,98;23720,5;24907,4;6986,4;5432,3;30706,9;39633,7;0;1554,1
7/9/21;9;2;17;113,07;113,07;23134;24684,4;6639,5;5772,1;29773,5;38722,2;0;867,4
7/9/21;9;2;18;134,28;134,28;22743,8;24376;6574,7;5599,6;29318,5;38156,5;0;975,1
7/9/21;9;2;19;140,97;140,97;21826,2;24398,3;6418,2;5268,5;28244,4;37002,6;0;1149,7
7/9/21;9;2;20;149,12;149,12;20761,3;22378,4;6362,6;5321,8;27123,9;36376;0;1040,8
7/9/21;9;2;21;153,45;153,45;20786,6;21061,1;6397,6;5513,6;27184,2;36589,4;0;884
7/9/21;9;2;22;153,4;153,4;21449,8;19921,8;6627,5;5288,5;28077,3;37475,7;0;1339
7/9/21;9;2;23;150,03;150,03;19670,7;18070,6;6281;5014,1;25951,7;35091,5;0;1266,9
7/9/21;9;2;24;142,19;142,19;18034;16976,7;5951,6;4141,9;23985,6;32876,4;0;1809,7
8/9/21;9;3;1;140,28;140,28;18117,3;16989,9;5530,6;4458;23647,9;31817,6;0;1072,6
8/9/21;9;3;2;135;135;16959,9;15586,4;5141,1;4314,6;22101;30142,4;0;826,5
8/9/21;9;3;3;130;130;16431,7;14888,9;4899,2;4242;21330,9;28834,6;0;657,2
8/9/21;9;3;4;124;124;16200,1;14540,5;4706,5;4166,1;20906,6;28362,4;0;540,4
8/9/21;9;3;5;124,6;124,6;15935,1;14153,7;4615,4;4146,8;20550,5;28015,4;0;468,6
8/9/21;9;3;6;130;130;15826,4;13921,9;4567,2;4221,7;20393,6;27918,2;0;345,5
8/9/21;9;3;7;137,49;137,49;17309,8;15465,5;4646,2;4240,5;21956;30213,8;0;405,7
8/9/21;9;3;8;143,4;143,4;19043,8;16913,3;4902,1;4368,8;23945,9;32472,7;0;533,3
8/9/21;9;3;9;146,05;146,05;20223,9;17833,2;5212,2;4805,9;25436,1;34006,1;0;406,3
8/9/21;9;3;10;144,74;144,74;21562,3;19737;5902,1;4860,4;27464,4;36015,7;0;1041,7
8/9/21;9;3;11;139,12;139,12;23087,9;21682,5;6280,4;4818,8;29368,3;37522,1;0;1461,6
8/9/21;9;3;12;135,99;135,99;23819,2;22569,6;6405,8;4927,4;30225;38323,9;0;1478,4
8/9/21;9;3;13;133,84;133,84;24470;23214,8;6582,2;5109,4;31052,2;39185,4;0;1472,8
8/9/21;9;3;14;129,48;129,48;25218,6;23818,2;6571,3;5243,7;31789,9;39724,3;0;1327,6
8/9/21;9;3;15;116,3;116,3;25180,1;23716,7;6479,4;5214,8;31659,5;39696,6;0;1264,6
8/9/21;9;3;16;109,08;109,08;24489,9;23343,7;6651,3;5258,1;31141,2;39332,9;0;1393,2
8/9/21;9;3;17;117,52;117,52;23542,5;23604,7;6643,4;5267,6;30185,9;38481,7;0;1375,8
8/9/21;9;3;18;136,03;136,03;22978,7;24105,3;6536,8;5394,2;29515,5;37845,7;0;1142,6
8/9/21;9;3;19;141,09;141,09;22348,7;23708,4;6394,5;5147,1;28743,2;37086,2;0;1247,4
8/9/21;9;3;20;150;150;20926,1;22162,1;6454,2;5725,2;27380,3;36628,2;0;729
8/9/21;9;3;21;152,36;152,36;21001,2;20320,1;6453,4;5735,6;27454,6;36889,6;0;717,8
8/9/21;9;3;22;152,36;152,36;21714,6;19692,6;6613;5675;28327,6;37705,7;0;938
8/9/21;9;3;23;149,37;149,37;20285,9;18155,2;6276,6;5447,3;26562,5;35662,8;0;829,3
8/9/21;9;3;24;137,6;137,6;18129,1;16485,2;5880,6;4564,5;24009,7;32836,2;0;1316,1
9/9/21;9;4;1;143,58;143,58;17634,5;16363;5486;4307,5;23120,5;31557,4;0;1178,5
9/9/21;9;4;2;135,7;135,7;16596,6;15295,8;5102,7;3953,5;21699,3;30044,4;0;1149,2
9/9/21;9;4;3;128,9;128,9;16174,6;14826,2;4867,6;3766;21042,2;28928,4;0;1101,6
9/9/21;9;4;4;121,98;121,98;15832,9;14518;4711,7;3626,6;20544,6;28386,2;0;1085,1
9/9/21;9;4;5;120,92;120,92;15730,8;14302,3;4627,6;3656,1;20358,4;28144,6;0;971,5
9/9/21;9;4;6;123,69;123,69;15928,3;14287,8;4604,2;3844,7;20532,5;28270,5;0;759,5
9/9/21;9;4;7;139,37;139,37;17676,6;15679,7;4691,7;4288,6;22368,3;30163,1;0;403,1
9/9/21;9;4;8;148,05;148,05;19137,5;17813,6;4946,1;4940,8;24083,6;32657,2;0;5,3
9/9/21;9;4;9;149,43;149,43;20534,2;18162,4;5289,9;5425,5;25824,1;34507,9;135,6;0
9/9/21;9;4;10;145,73;145,73;22175,2;20052,2;5992,8;5294,8;28168;36753,5;0;698
9/9/21;9;4;11;144,01;144,01;23206,6;21513,8;6274,9;5146,7;29481,5;37905,1;0;1128,2
9/9/21;9;4;12;143,4;143,4;24120,5;22868,4;6459,3;5075,4;30579,8;38667,9;0;1383,9
9/9/21;9;4;13;143,58;143,58;24682,1;23564,8;6686,4;5167,7;31368,5;39421,2;0;1518,7
9/9/21;9;4;14;144,8;144,8;25523,7;24233,1;6618,9;5273,5;32142,6;39778,5;0;1345,4
9/9/21;9;4;15;141,1;141,1;25421,6;23811,1;6533,4;5507,9;31955;39642,8;0;1025,5
9/9/21;9;4;16;138,5;138,5;24775,1;23123,4;6675,4;5691,1;31450,5;39186,4;0;984,3
9/9/21;9;4;17;137;137;24116,3;22782,1;6659,8;5762,3;30776,1;38685,2;0;897,5
9/9/21;9;4;18;143,19;143,19;23503,2;23128,5;6592,2;6070,2;30095,4;38283,6;0;522
9/9/21;9;4;19;147,51;147,51;22581,8;23129,4;6406,2;6315;28988;37499,5;0;91,2
9/9/21;9;4;20;154,38;154,38;21837,5;21653,1;6371,6;7244,7;28209,1;37000,1;873,1;0
9/9/21;9;4;21;155,62;155,62;21982,3;20453,8;6479,6;7521,9;28461,9;37383,6;1042,3;0
9/9/21;9;4;22;154,46;154,46;22861,2;19463,3;6760,3;7198,2;29621,5;38381,8;437,9;0
9/9/21;9;4;23;151;151;21270,4;18498;6432,5;6244,9;27702,9;36133,9;0;187,6
9/9/21;9;4;24;145,2;145,2;19392,8;17224,6;5995,2;5203,4;25388;33558,9;0;791,8
10/9/21;9;5;1;155,62;155,62;19479;17287,9;5519,5;5310,6;24998,5;31655,2;0;208,9
10/9/21;9;5;2;152;152;18500,5;16401,4;5105,4;4804,5;23605,9;30009,1;0;300,9
10/9/21;9;5;3;149,41;149,41;17542,8;15510,2;4863,4;4496;22406,2;28791,2;0;367,4
10/9/21;9;5;4;148,08;148,08;17027,2;14954,5;4728,3;4401;21755,5;28171;0;327,3
10/9/21;9;5;5;146,29;146,29;16759;14754,6;4633,2;4237,6;21392,2;27817,8;0;395,6
10/9/21;9;5;6;148,68;148,68;17074;14991,8;4606,9;4289,1;21680,9;28050,8;0;317,8
10/9/21;9;5;7;150,38;150,38;18958,8;16312,4;4711,8;4398,2;23670,6;29987,7;0;313,6
10/9/21;9;5;8;158,07;158,07;19990,8;18192,9;4952,7;5195,9;24943,5;32135,4;243,2;0
10/9/21;9;5;9;159,31;159,31;21228,9;19480,9;5209;6185,2;26437,9;33604,8;976,2;0
10/9/21;9;5;10;156,66;156,66;22970,4;20830,5;5900,4;5212,2;28870,8;35816,6;0;688,2
10/9/21;9;5;11;153,11;153,11;24141,9;22540,8;6227,2;4868,3;30369,1;37024,7;0;1358,9
10/9/21;9;5;12;150;150;25323,2;24087,1;6367,6;4967,7;31690,8;37991,2;0;1399,9
10/9/21;9;5;13;150;150;26081,6;24929,2;6547;5063,4;32628,6;38959,4;0;1483,6
10/9/21;9;5;14;150;150;26480;25244,1;6510,3;5110,2;32990,3;39312,3;0;1400,1
10/9/21;9;5;15;149,76;149,76;26213,3;24881,7;6424,5;5120,1;32637,8;38983,6;0;1304,4
10/9/21;9;5;16;147,51;147,51;25109,9;23827,7;6548,3;5148,5;31658,2;38137,5;0;1399,8
10/9/21;9;5;17;146,29;146,29;24494,8;23237,7;6552,9;5128;31047,7;37556,5;0;1424,9
10/9/21;9;5;18;148,4;148,4;24284,1;22869,6;6490,1;5222,6;30774,2;37273;0;1267,5
10/9/21;9;5;19;149,76;149,76;23354,5;21706,1;6379,4;5220,1;29733,9;36745,7;0;1159,3
10/9/21;9;5;20;156,66;156,66;22558,9;21473,9;6313,7;5837,5;28872,6;36160,7;0;476,2
10/9/21;9;5;21;159,31;159,31;22731,1;20616;6447,8;6722,9;29178,9;36508,8;275,1;0
10/9/21;9;5;22;159,3;159,3;23236,5;20410,2;6691,1;6557,4;29927,6;37027,1;0;133,7
10/9/21;9;5;23;157,07;157,07;21649,3;19520,4;6338;5506,9;27987,3;34877,6;0;831,1
10/9/21;9;5;24;154;154;19935;18094,6;5884,5;4764,9;25819,5;32589,6;0;1119,6
11/9/21;9;6;1;156,51;156,51;18564,1;16014,3;5410,6;5324,4;23974,7;30895,4;0;86,2
11/9/21;9;6;2;156,05;156,05;17343,7;15341,3;4985,5;4351,9;22329,2;29203,3;0;633,6
11/9/21;9;6;3;155,03;155,03;16267;14690,8;4741,1;3681,3;21008,1;27677,7;0;1059,8
11/9/21;9;6;4;155,03;155,03;15688;14041,4;4498,5;3648,1;20186,5;26750,6;0;850,4
11/9/21;9;6;5;155,57;155,57;15524,6;13667,8;4433,9;3793,7;19958,5;26229,7;0;640,2
11/9/21;9;6;6;155,47;155,47;15312;13509,4;4420,1;3725,7;19732,1;25972,6;0;694,4
11/9/21;9;6;7;155,27;155,27;15311,4;13646,4;4427,3;3595,3;19738,7;26193,9;0;832
11/9/21;9;6;8;156,34;156,34;15933,5;13686;4479;4229,5;20412,5;27031,1;0;249,5
11/9/21;9;6;9;156,26;156,26;16884,6;14167,9;4529,9;4286,6;21414,5;27953,2;0;243,3
11/9/21;9;6;10;156;156;18891,4;16508,6;4888;4310,8;23779,4;30088,2;0;577,2
11/9/21;9;6;11;154,85;154,85;20318,6;18577,7;5167;3947,9;25485,6;31584,2;0;1219,1
11/9/21;9;6;12;150;150;21388,7;19952,2;5445,9;4015,4;26834,6;32894,5;0;1430,5
11/9/21;9;6;13;147,2;147,2;21871,9;20753,6;5626,3;3877,6;27498,2;33638,4;0;1748,7
11/9/21;9;6;14;142,56;142,56;22381,3;21348,4;5695,7;3861,6;28077;34289,9;0;1834,1
11/9/21;9;6;15;140,01;140,01;22240,3;21379,4;5594,6;3727,5;27834,9;34086,8;0;1867,1
11/9/21;9;6;16;121,79;121,79;21532,6;20959,6;5535,7;3380,7;27068,3;33360,4;0;2155
11/9/21;9;6;17;120,48;120,48;20794,2;20311,8;5466,1;3220,5;26260,3;32531,8;0;2245,6
11/9/21;9;6;18;133,73;133,73;20393,5;19740;5366,6;3292,1;25760,1;32049,5;0;2074,5
11/9/21;9;6;19;148,3;148,3;19931,4;18911,5;5354,5;3646,4;25285,9;31614,6;0;1708,1
11/9/21;9;6;20;156,2;156,2;19182,2;17234,6;5439,6;4474,2;24621,8;31702,3;0;965,4
11/9/21;9;6;21;161,29;161,29;19017,8;16505,8;5622,3;5221,3;24640,1;31940,7;0;401
11/9/21;9;6;22;165;165;19665,9;17017,1;5909,6;5645,4;25575,5;32962,5;0;264,2
11/9/21;9;6;23;161,25;161,25;18819,7;16333,6;5658,2;5231,3;24477,9;31596,7;0;426,9
11/9/21;9;6;24;158,51;158,51;18160,6;15662,4;5364,9;4950,1;23525,5;30174,7;0;414,8
12/9/21;9;7;1;162,69;162,69;16593,2;13737;4967,7;5048,9;21560,9;28328,8;81,2;0
12/9/21;9;7;2;160,03;160,03;15499,5;13295,4;4663,5;4092,6;20163;26857,5;0;570,9
12/9/21;9;7;3;159,83;159,83;14769,6;12767,1;4433;3660,5;19202,6;25832,1;0;772,5
12/9/21;9;7;4;159,31;159,31;14271,9;12582,9;4261,2;3175,2;18533,1;24972,5;0;1086
12/9/21;9;7;5;158,76;158,76;14098,5;12571,3;4163,9;2870,1;18262,4;24368,2;0;1293,8
12/9/21;9;7;6;156,51;156,51;14048,3;12589,2;4109,1;2747,2;18157,4;24259,8;0;1361,9
12/9/21;9;7;7;156,51;156,51;14083,5;12588,8;4121,2;2794,9;18204,7;24370,7;0;1326,3
12/9/21;9;7;8;156,34;156,34;14067,2;12717,7;4150;2678,5;18217,2;24499,6;0;1471,5
12/9/21;9;7;9;152,33;152,33;14330,9;12792,9;4117,6;2649,6;18448,5;24743;0;1468
12/9/21;9;7;10;150,76;150,76;15895,7;14475,5;4395,3;2809,5;20291;26519,4;0;1585,8
12/9/21;9;7;11;127;127;17847,6;16810,3;4747,7;2779;22595,3;28716,7;0;1968,7
12/9/21;9;7;12;117,02;117,02;19050,9;18557,9;5393,7;2880,7;24444,6;30547,4;0;2513
12/9/21;9;7;13;116,27;116,27;19778,8;19423,7;6018,2;3090,3;25797;31978,6;0;2927,9
12/9/21;9;7;14;116,3;116,3;20466,4;20042,7;6109,4;3250,1;26575,8;32854,3;0;2859,3
12/9/21;9;7;15;116,3;116,3;20661,8;20142,2;5927,4;3349;26589,2;32916,3;0;2578,4
12/9/21;9;7;16;110,02;110,02;19979,5;19797,9;6223,2;3306,8;26202,7;32586,5;0;2916,4
12/9/21;9;7;17;110,01;110,01;19574;19388,5;6144,2;3231,7;25718,2;32110,1;0;2912,5
12/9/21;9;7;18;115,72;115,72;18828,4;18499,2;5777,5;3008,7;24605,9;31008,1;0;2768,8
12/9/21;9;7;19;140,28;140,28;18603,2;17485,5;5050,2;3069,9;23653,4;30068,4;0;1980,3
12/9/21;9;7;20;157,86;157,86;17954,9;16673,7;5151,4;3149,6;23106,3;30266,6;0;2001,8
12/9/21;9;7;21;164,8;164,8;18246,5;15609,3;5405,6;4759,8;23652,1;31104,6;0;645,8
12/9/21;9;7;22;167,53;167,53;19234,4;16670,7;5812,7;5093,4;25047,1;32696,8;0;719,3
12/9/21;9;7;23;165,09;165,09;18567,8;16244,1;5611,7;4652,4;24179,5;31855,8;0;959,3
12/9/21;9;7;24;163;163;17766,8;15685,9;5298,3;4096,2;23065,1;30362;0;1202,1
13/9/21;9;1;1;157,77;157,77;17266,2;16659,4;4970,3;2849,1;22236,5;28913,3;0;2121,2
13/9/21;9;1;2;154,98;154,98;16232,5;15567,8;4755,4;2692,1;20987,9;27502;0;2063,3
13/9/21;9;1;3;148,22;148,22;15417,7;14532,5;4537,1;2694,3;19954,8;26502,5;0;1842,8
13/9/21;9;1;4;138,28;138,28;15059;14071,6;4416,9;2676,3;19475,9;26059,7;0;1740,6
13/9/21;9;1;5;125;125;15112,4;13930;4345,4;2706,8;19457,8;26072,1;0;1638,6
13/9/21;9;1;6;125;125;15533,2;14070,2;4327,5;2969,5;19860,7;26591,5;0;1358
13/9/21;9;1;7;152,08;152,08;17181,5;15440,4;4441;3729,9;21622,5;28616,2;0;711,1
13/9/21;9;1;8;157,7;157,7;18957,2;18578;4758,7;4865;23715,9;31413,2;106,3;0
13/9/21;9;1;9;159,19;159,19;20488,2;19703,4;5120,1;6121,5;25608,3;33388;1001,4;0
13/9/21;9;1;10;157;157;21955,4;20436,4;5813,4;5937,6;27768,8;35526,9;124,2;0
13/9/21;9;1;11;154,77;154,77;23215;20591,6;6186,5;6127,9;29401,5;37204,4;0;58,6
13/9/21;9;1;12;156,34;156,34;24376,3;22575,5;6358;6208,8;30734,3;38173,9;0;149,2
13/9/21;9;1;13;156,52;156,52;25202,2;23507,2;6563,2;6308,2;31765,4;39137;0;255
13/9/21;9;1;14;155,83;155,83;25845,4;24018,9;6518,8;6395,3;32364,2;39563;0;123,5
13/9/21;9;1;15;154,71;154,71;25693,5;23658,2;6436,2;6521,5;32129,7;39273,7;85,3;0
13/9/21;9;1;16;151,03;151,03;24878,2;22916,4;6592,1;6303,9;31470,3;38658,5;0;288,2
13/9/21;9;1;17;152,72;152,72;24159,8;22442,8;6627,4;6094,4;30787,2;38105,7;0;533
13/9/21;9;1;18;159,09;159,09;23666;23674,2;6597,5;6389,3;30263,5;37602;0;208,2
13/9/21;9;1;19;166,5;166,5;22419,9;22644,1;6439,9;7704,6;28859,8;36385,8;1264,7;0
13/9/21;9;1;20;169,24;169,24;21772,8;21635,3;6377,4;8162,7;28150,2;35950,9;1785,3;0
13/9/21;9;1;21;170;170;21881,3;21036,6;6452,8;7964,8;28334,1;36267,4;1512;0
13/9/21;9;1;22;165;165;23382,4;20318,5;6771,3;7153,2;30153,7;38036;381,9;0
13/9/21;9;1;23;158,28;158,28;21946,2;20022,7;6425,7;5667,2;28371,9;35901,5;0;758,5
13/9/21;9;1;24;154,51;154,51;19945,5;17901,5;5947,9;5309,9;25893,4;32792,6;0;638
14/9/21;9;2;1;122,23;122,23;18750;16134,5;5497,7;4976,3;24247,7;31102,8;0;521,4
14/9/21;9;2;2;121,59;121,59;17698;15853,1;5151,2;3890,5;22849,2;29480,6;0;1260,7
14/9/21;9;2;3;119,97;119,97;17337,1;15421,5;4869,5;3548,1;22206,6;28794,3;0;1321,4
14/9/21;9;2;4;119,95;119,95;17310,3;15239,7;4774,2;3607,8;22084,5;28564,6;0;1166,4
14/9/21;9;2;5;119,95;119,95;17284,5;15070;4682;3659,5;21966,5;28357,6;0;1022,5
14/9/21;9;2;6;122,03;122,03;16678,5;14854,3;4667,9;3802,5;21346,4;27684,5;0;865,4
14/9/21;9;2;7;148,52;148,52;18054,5;15629,4;4734,6;4153,7;22789,1;29262,7;0;580,9
14/9/21;9;2;8;162,38;162,38;19484,4;19021;4955;4456,7;24439,4;31145,2;0;498,3
14/9/21;9;2;9;168,01;168,01;20205,1;20239,6;5263,6;5691;25468,7;32713;427,4;0
14/9/21;9;2;10;162,9;162,9;21596,5;20279,3;5976,4;4976,9;27572,9;34868,5;0;999,5
14/9/21;9;2;11;162,38;162,38;22353,1;20647,9;6339,6;5038,8;28692,7;35902,4;0;1300,8
14/9/21;9;2;12;163,74;163,74;23049,4;21971,2;6518,3;5146,5;29567,7;36782,9;0;1371,8
14/9/21;9;2;13;165;165;24180,3;22990,9;6629,5;5368,9;30809,8;37635,2;0;1260,6
14/9/21;9;2;14;163,74;163,74;24600,9;23628;6599,6;5122,5;31200,5;38023,5;0;1477,1
14/9/21;9;2;15;162,38;162,38;24315,5;23627,3;6519,3;4757,5;30834,8;37548,1;0;1761,8
14/9/21;9;2;16;161,09;161,09;23395,8;22867,1;6638,5;4670,2;30034,3;36725,8;0;1968,3
14/9/21;9;2;17;162,01;162,01;22993,6;22584,3;6578,3;4490,6;29571,9;36244,9;0;2087,7
14/9/21;9;2;18;164,72;164,72;22650,4;22680,7;6460;4822,3;29110,4;35876,5;0;1637,7
14/9/21;9;2;19;170,07;170,07;21376,3;22251,3;6311,5;6094,7;27687,8;34872,8;0;216,8
14/9/21;9;2;20;171,24;171,24;20870,7;21749,8;6257,4;6100,4;27128,1;34453,8;0;157
14/9/21;9;2;21;171,58;171,58;21682,2;21060,4;6408,8;6142,5;28091;35511,7;0;266,3
14/9/21;9;2;22;171,14;171,14;22204,8;20200,4;6666,8;6035,2;28871,6;36177,6;0;631,6
14/9/21;9;2;23;165,03;165,03;20936,6;19919,9;6353;4733,7;27289,6;34010,6;0;1619,3
14/9/21;9;2;24;160,67;160,67;19200,5;18309,2;5871,8;4127,1;25072,3;31465,4;0;1744,7
15/9/21;9;3;1;172;172;17841,5;15817;5137,9;4017,4;22979,4;30088;0;1120,5
15/9/21;9;3;2;168,47;168,47;16716,6;14576,7;4780,1;3775;21496,7;28526,5;0;1005,1
15/9/21;9;3;3;162,01;162,01;15971,2;13778,7;4556,7;3604,2;20527,9;27532,2;0;952,5
15/9/21;9;3;4;160;160;15640,4;13475,3;4411,8;3524,9;20052,2;27038,8;0;886,9
15/9/21;9;3;5;160;160;15383,3;13163,1;4308,1;3476,3;19691,4;26663,5;0;831,8
15/9/21;9;3;6;162,01;162,01;15594;13322,2;4266,2;3486;19860,2;26806,7;0;780,2
15/9/21;9;3;7;166,94;166,94;17212,8;14920,4;4333;3787;21545,8;28584,1;0;546
15/9/21;9;3;8;177,29;177,29;18717,7;20460;4563,9;5503,6;23281,6;31065,6;939,7;0
15/9/21;9;3;9;180;180;19496,5;20988,1;4807,6;5998;24304,1;32262;1190,4;0
15/9/21;9;3;10;180;180;20488,7;22438,2;5410,8;6143,3;25899,5;33885,1;732,5;0
15/9/21;9;3;11;180;180;21714,8;23940,7;5816,4;6272,5;27531,2;35395;456,1;0
15/9/21;9;3;12;178,34;178,34;22801,8;24882,1;5965,9;6235,6;28767,7;36196,8;269,7;0
15/9/21;9;3;13;180;180;23620,1;25710,9;6115,4;6374,6;29735,5;37035,1;259,2;0
15/9/21;9;3;14;175,74;175,74;24284,6;25899,1;6064,8;5619,1;30349,4;37521,4;0;445,7
15/9/21;9;3;15;175,76;175,76;23891,6;26228;6034,8;5730;29926,4;37106,2;0;304,8
15/9/21;9;3;16;175,1;175,1;22878,3;26106;6172,6;5194,9;29050,9;36258,5;0;977,7
15/9/21;9;3;17;175,44;175,44;22481,9;25656,4;6179,8;5255,3;28661,7;35868;0;924,5
15/9/21;9;3;18;175,44;175,44;21970,5;24975,8;6098,2;5342,9;28068,7;35650,2;0;755,3
15/9/21;9;3;19;175,76;175,76;20810,1;23566,1;6051,4;5844,3;26861,5;34853,5;0;207,1
15/9/21;9;3;20;180;180;20189,2;22188,2;5840;6523;26029,2;34286,6;683;0
15/9/21;9;3;21;180,3;180,3;19559,2;21346,4;5622,4;6517,2;25181,6;33588,9;894,8;0
15/9/21;9;3;22;176,78;176,78;21878,1;20831,6;6315,7;6240,3;28193,8;36459,1;0;75,4
15/9/21;9;3;23;170;170;20425,6;18643,1;6053,6;5015,1;26479,2;34255,8;0;1038,5
15/9/21;9;3;24;159,42;159,42;18938,8;17013,9;5662,4;4766,3;24601,2;31820;0;896,1
16/9/21;9;4;1;192,83;192,83;17462,5;13869,1;5002;5543,4;22464,5;29610,1;541,4;0
16/9/21;9;4;2;187,08;187,08;16573,4;13900,4;4895,8;4516,8;21469,2;28539,2;0;379
16/9/21;9;4;3;180,3;180,3;15883,1;13641,2;4760,2;3950,1;20643,3;27688,2;0;810,1
16/9/21;9;4;4;180;180;15711;13643;4765,9;3781,9;20476,9;27481,1;0;984
16/9/21;9;4;5;180;180;15716,8;13598,6;4697,8;3764;20414,6;27390,4;0;933,8
16/9/21;9;4;6;180;180;15854,7;13722,6;4670;3750,1;20524,7;27503,6;0;919,9
16/9/21;9;4;7;185,03;185,03;17072,2;14539;4501,7;4028,9;21573,9;28707,3;0;472,8
16/9/21;9;4;8;194;194;18517,2;15925,1;4749,9;5647,6;23267,1;31239,5;897,7;0
16/9/21;9;4;9;197,81;197,81;19713,4;17772,8;5063,8;6344,1;24777,2;32770,1;1280,3;0
16/9/21;9;4;10;193,91;193,91;21049,6;18634,5;5703;5996,3;26752,6;34740,2;293,3;0
16/9/21;9;4;11;186,68;186,68;22362,8;20980,7;6016,2;4921,7;28379;36090,4;0;1094,5
16/9/21;9;4;12;186,77;186,77;23276,8;22880,2;6119,2;4930,8;29396;36726,2;0;1188,4
16/9/21;9;4;13;186,17;186,17;24055,3;23626;6309,9;4916,4;30365,2;37624;0;1393,5
16/9/21;9;4;14;186;186;24548,7;24042,8;6230,9;4858,8;30779,6;37864,5;0;1372,1
16/9/21;9;4;15;186,69;186,69;24222;24056,5;6177,9;4910,4;30399,9;37472,7;0;1267,5
16/9/21;9;4;16;181,45;181,45;23507,6;23480,4;6328,3;4735,1;29835,9;36889,5;0;1593,2
16/9/21;9;4;17;180;180;23355;22895,2;6763,4;4923,2;30118,4;37222,6;0;1840,2
16/9/21;9;4;18;180;180;22812,3;22168,2;6681,7;5025,8;29494;36964,2;0;1655,9
16/9/21;9;4;19;188,11;188,11;21123,6;20607,3;6098;5992,7;27221,6;35061;0;105,3
16/9/21;9;4;20;197,59;197,59;20192,9;19645;6035,9;6767,8;26228,8;34375,9;731,9;0
16/9/21;9;4;21;198,02;198,02;21026,4;18135,6;6218,2;6712,5;27244,6;35442,9;494,3;0
16/9/21;9;4;22;198,85;198,85;21394,8;18305;6392,6;6846,4;27787,4;35862,9;453,8;0
16/9/21;9;4;23;195,48;195,48;19730,2;16826,3;6090,2;6358,1;25820,4;33407,4;267,9;0
16/9/21;9;4;24;193,47;193,47;18114,9;15325,7;5637,9;5791,1;23752,8;30776,5;153,2;0
17/9/21;9;5;1;175,28;175,28;15274,5;13487,1;5486,6;4499;20761,1;28269,9;0;987,6
17/9/21;9;5;2;172,8;172,8;14372,3;12589,1;5156,7;4164,9;19529;26820,4;0;991,8
17/9/21;9;5;3;161,26;161,26;13847,2;12031,6;4922,4;3963;18769,6;26000,1;0;959,4
17/9/21;9;5;4;159,34;159,34;13482,2;11776;4765,4;3696,6;18247,6;25456,8;0;1068,8
17/9/21;9;5;5;157,43;157,43;13370,8;11529,4;4704,3;3724,7;18075,1;25266,1;0;979,6
17/9/21;9;5;6;160,65;160,65;13430;11418,5;4685,1;3875,6;18115,1;25440,4;0;809,5
17/9/21;9;5;7;172,9;172,9;14423;12004,8;4762;4359,2;19185;27069,1;0;402,8
17/9/21;9;5;8;181,97;181,97;16118,5;14667,9;4988,9;5752,6;21107,4;29373,6;763,7;0
17/9/21;9;5;9;188,17;188,17;16897,2;16520,1;5342,8;6464,8;22240;30624,8;1122;0
17/9/21;9;5;10;182,86;182,86;17984,1;18270,2;5976,7;6394,7;23960,8;32399,1;418;0
17/9/21;9;5;11;175,33;175,33;19349,9;19669,3;6383,1;5310,3;25733;33541,5;0;1072,8
17/9/21;9;5;12;167,13;167,13;20075,3;20879,4;6545,9;5180;26621,2;34256,8;0;1365,9
17/9/21;9;5;13;160,3;160,3;20726,2;21816,7;6675,9;5017,8;27402,1;35104,8;0;1658,1
17/9/21;9;5;14;140,66;140,66;21608,3;22039,3;6595,7;5080,4;28204;35938,3;0;1515,3
17/9/21;9;5;15;140,66;140,66;22650,2;21922,4;6526,2;5298,8;29176,4;36935,3;0;1227,4
17/9/21;9;5;16;140,66;140,66;22283,9;21562,7;6631,2;5502,9;28915,1;36697,6;0;1128,3
17/9/21;9;5;17;140,66;140,66;19990;20854,7;6635,8;5585,5;26625,8;34405,5;0;1050,3
17/9/21;9;5;18;165,53;165,53;18082,7;19763,1;6616,4;5821,9;24699,1;32795;0;794,5
17/9/21;9;5;19;175;175;17158,1;18619,7;6453;5973,3;23611,1;32208,7;0;479,7
17/9/21;9;5;20;181,3;181,3;16963,9;17718,8;6285,5;6794,8;23249,4;32008;509,3;0
17/9/21;9;5;21;185,2;185,2;17484,1;16200,9;6474,3;7214;23958,4;32728,7;739,7;0
17/9/21;9;5;22;179,04;179,04;18220,7;15413,8;6737;6532,8;24957,7;33634,1;0;204,2
17/9/21;9;5;23;172,91;172,91;17064,4;14069,7;6360,4;6164,1;23424,8;31545,9;0;196,3
17/9/21;9;5;24;153,92;153,92;15873,1;13684,5;5902,2;5562,3;21775,3;29419,2;0;339,9
18/9/21;9;6;1;181,36;181,36;17234,3;14290,5;5394,5;5517,3;22628,8;29827,2;122,8;0
18/9/21;9;6;2;178,45;178,45;16423,8;14098,4;5011,8;4516,2;21435,6;28574,3;0;495,6
18/9/21;9;6;3;171,45;171,45;15371;13170,7;4779,8;4159,1;20150,8;27260,2;0;620,7
18/9/21;9;6;4;159,82;159,82;15105;12898,2;4600,9;4079,7;19705,9;26737,8;0;521,2
18/9/21;9;6;5;155,58;155,58;14850,6;12647,5;4517;3992,1;19367,6;26330,9;0;524,9
18/9/21;9;6;6;157,73;157,73;14607;12402;4448,4;3925,4;19055,4;26010,1;0;523
18/9/21;9;6;7;172,15;172,15;14754,7;12207,1;4445,5;4265,1;19200,2;26249,9;0;180,4
18/9/21;9;6;8;165;165;15019,6;12103,8;4510,3;4698,1;19529,9;26940,6;187,8;0
18/9/21;9;6;9;165;165;15814,8;12734,8;4551,5;4718,5;20366,3;27936,9;167;0
18/9/21;9;6;10;165;165;17651;15023,9;4915,2;4629,3;22566,2;30160,1;0;285,9
18/9/21;9;6;11;145,28;145,28;19646,8;17426,6;5149,4;4456,6;24796,2;32007,8;0;692,8
18/9/21;9;6;12;139,32;139,32;20381,9;18977,8;5760,3;4343,4;26142,2;33379,4;0;1416,9
18/9/21;9;6;13;139,32;139,32;20709,7;19803,1;6024,6;4110,2;26734,3;34087,3;0;1914,4
18/9/21;9;6;14;140,37;140,37;20998,1;19917,6;5638,2;4180,5;26636,3;34062,5;0;1457,7
18/9/21;9;6;15;135,5;135,5;19729,1;20100,9;6613,1;4184,2;26342,2;33891,2;0;2428,9
18/9/21;9;6;16;126;126;18751,5;20350;6923;4134;25674,5;33347,2;0;2789
18/9/21;9;6;17;125,94;125,94;18875,2;20379,4;6854,4;4073,1;25729,6;33535,6;0;2781,3
18/9/21;9;6;18;136,81;136,81;17076,8;20012,4;6289,3;3985,1;23366,1;31218,6;0;2304,2
18/9/21;9;6;19;160;160;16281,2;19180,9;5267,6;4152,6;21548,8;29805,1;0;1115
18/9/21;9;6;20;179,91;179,91;16872,6;17814,3;5350,6;4694;22223,2;30702,9;0;656,6
18/9/21;9;6;21;180,3;180,3;18184,6;15840,2;5589,5;4927,9;23774,1;32270,5;0;661,6
18/9/21;9;6;22;187,18;187,18;18689,5;16063,5;5860,5;5480,5;24550;32944;0;380
18/9/21;9;6;23;181,37;181,37;17434,5;15174,9;5539;4792,6;22973,5;31046,4;0;746,4
18/9/21;9;6;24;176;176;16154,6;14009,1;5259,9;4399,4;21414,5;29213,5;0;860,5
19/9/21;9;7;1;167,13;167,13;15420,9;14881,6;4921,2;3310,5;20342,1;28049,3;0;1610,7
19/9/21;9;7;2;161,8;161,8;14426,8;13720,8;4618,9;3174,9;19045,7;26597,6;0;1444
19/9/21;9;7;3;161,8;161,8;13716,9;13000,1;4368,6;2935,4;18085,5;25273;0;1433,2
19/9/21;9;7;4;161,71;161,71;13211,8;12531,3;4189,5;2720;17401,3;24395,2;0;1469,5
19/9/21;9;7;5;161,36;161,36;12901,5;12173,2;4098,2;2676,5;16999,7;23875,5;0;1421,7
19/9/21;9;7;6;161,36;161,36;12790,7;12091,4;4060,7;2610;16851,4;23690,9;0;1450,7
19/9/21;9;7;7;161;161;12787,2;12112,3;4077,1;2602;16864,3;23863,2;0;1475,1
19/9/21;9;7;8;162,21;162,21;12930,9;12313;4127,9;2595,8;17058,8;23935,1;0;1532,1
19/9/21;9;7;9;151;151;13378,6;11978,3;4074,4;2675,7;17453;24365,2;0;1398,7
19/9/21;9;7;10;133,75;133,75;13745,2;13716,2;5440,8;2670,8;19186;26153;0;2770
19/9/21;9;7;11;125,49;137,69;16695,4;16895,4;5597,8;2598,8;22293,2;29306,7;0;2999
19/9/21;9;7;12;113,8;139,32;18718,8;18918,8;5562,3;2563,3;24281,1;31314,9;0;2999
19/9/21;9;7;13;100;139,52;19349,6;19549,6;5587;2588;24936,6;32008,3;0;2999
19/9/21;9;7;14;114,1;139,52;19780,6;19980,6;5578,9;2579,9;25359,5;32476,8;0;2999
19/9/21;9;7;15;119,95;139,34;19674,6;19874,6;5628,4;2629,4;25303;32475,2;0;2999
19/9/21;9;7;16;100;139,32;19394,7;19594,7;5735,8;2736,8;25130,5;32328,3;0;2999
19/9/21;9;7;17;99,99;137,69;18798,6;18998,6;5870,1;2871,1;24668,7;31909;0;2999
19/9/21;9;7;18;119,42;136,2;17968,5;18168,5;5978,9;2979,9;23947,4;31210,5;0;2999
19/9/21;9;7;19;142,28;142,28;17013,7;16957,2;4920,5;3118,8;21934,2;29318,8;0;1801,7
19/9/21;9;7;20;167,54;167,54;16262;16334;5029,4;3102,6;21291,4;29300,5;0;1926,8
19/9/21;9;7;21;182,41;182,41;16898,4;15368,6;5267,1;3997,9;22165,5;30450,2;0;1269,2
19/9/21;9;7;22;187,92;187,92;18246;16267,2;5697,5;4877,3;23943,5;32246,7;0;820,2
19/9/21;9;7;23;183,31;183,31;17598;16073,3;5446;4171,7;23044;31248,3;0;1274,3
19/9/21;9;7;24;178,45;178,45;16481,7;15067,6;5192,8;3807,9;21674,5;29735,1;0;1384,9
20/9/21;9;1;1;155,6;155,6;14880,9;13746,1;4860;3312,8;19740,9;27635,3;0;1547,2
20/9/21;9;1;2;142,28;142,28;14184,5;12833,1;4643,5;3312,9;18828;26519,7;0;1330,6
20/9/21;9;1;3;140,01;140,01;13564,1;12238,3;4442,3;3086,1;18006,4;25507,5;0;1356,2
20/9/21;9;1;4;139,52;139,52;13293,9;12259,7;4587,1;2985,3;17881;25244,1;0;1601,8
20/9/21;9;1;5;139,04;139,04;13208,9;12512;5014,6;3075,5;18223,5;25597,3;0;1939,1
20/9/21;9;1;6;138,64;138,64;13688,4;12864,6;5064,6;3252,4;18753;26271,4;0;1812,2
20/9/21;9;1;7;161,33;161,33;15384,4;14689,4;4356,7;3675,6;19741,1;27776;0;681,1
20/9/21;9;1;8;181,38;181,38;18154;15387,1;4633,6;5000,5;22787,6;30875;366,9;0
20/9/21;9;1;9;188,64;188,64;19435,6;16742,7;4995,7;6245,8;24431,3;32573,7;1250,1;0
20/9/21;9;1;10;180,3;180,3;20884,6;18681,4;5727,7;5530,9;26612,3;34434,7;0;196,8
20/9/21;9;1;11;172,67;172,67;22109,1;21996,4;6177;5055;28286,1;36029,9;0;1122
20/9/21;9;1;12;162,2;162,2;21664,8;24513,9;6317,2;4768,1;27982;35749,4;0;1549,1
20/9/21;9;1;13;155;155;22394;24669,5;6504,5;4739,2;28898,5;36693,4;0;1765,3
20/9/21;9;1;14;149,76;149,76;22623,2;24388,3;6427,3;4692,5;29050,5;36832,3;0;1734,8
20/9/21;9;1;15;142,28;142,28;22192,3;24220,7;6355,1;4562,8;28547,4;36366,9;0;1792,3
20/9/21;9;1;16;145,28;145,28;21200,9;24498,4;6508,3;4510,8;27709,2;35608,5;0;1997,5
20/9/21;9;1;17;142,28;142,28;20654,5;23999,1;6555,5;4510,9;27210;35219,5;0;2044,6
20/9/21;9;1;18;143,78;143,78;20333,7;23655,3;6558,1;4536,5;26891,8;35024,8;0;2021,6
20/9/21;9;1;19;146,78;146,78;19247,4;22254,8;6398,7;4691,3;25646,1;33942,5;0;1707,4
20/9/21;9;1;20;181,37;181,37;19482,9;21009,1;6240,9;6014,7;25723,8;34298,6;0;226,2
20/9/21;9;1;21;185,8;185,8;20633,7;19873,4;6436,9;6614,2;27070,6;36105,5;177,3;0
20/9/21;9;1;22;180;180;20902,9;18921,7;6660,5;6241,7;27563,4;36576,7;0;418,8
20/9/21;9;1;23;154,53;154,53;18905,6;17624,9;6291,4;5381,1;25197;33822,8;0;910,3
20/9/21;9;1;24;133,48;133,48;17059,9;16252,7;6735,1;5147,3;23795;32143,1;0;1587,8
21/9/21;9;2;1;130,12;130,12;17824,6;15861,6;5742,9;5483,2;23567,5;31702,7;0;259,7
21/9/21;9;2;2;128,01;128,01;17293,4;15399,6;5455,3;5212,5;22748,7;30769,3;0;242,8
21/9/21;9;2;3;121,34;121,34;16954,4;15128,5;5488,2;5140;22442,6;30244;0;348,2
21/9/21;9;2;4;121,04;121,04;16626,5;15053,9;5669,5;4992,1;22296;30010,4;0;677,4
21/9/21;9;2;5;120,64;120,64;16515,9;14871,1;5665,7;5010,5;22181,6;29871,1;0;655,2
21/9/21;9;2;6;128,91;128,91;16442,4;14795,9;4983,8;5074;21426,2;29210,1;90,2;0
21/9/21;9;2;7;149,19;149,19;16505,9;15260,5;4575;5217,8;21080,9;29101,3;642,8;0
21/9/21;9;2;8;184,35;184,35;18112,8;16218,5;4804,8;6694,2;22917,6;31536,9;1889,4;0
21/9/21;9;2;9;190;190;19148,6;16852,7;5152,3;7780,1;24300,9;33026,6;2627,8;0
21/9/21;9;2;10;176,92;176,92;20434,1;19036,8;5897,6;6155,9;26331,7;35111,1;258,3;0
21/9/21;9;2;11;160,1;160,1;21269,9;21852,1;6181,8;5948,1;27451,7;36086,6;0;233,7
21/9/21;9;2;12;151,8;151,8;22085,3;23573,1;6396,7;5933,8;28482;37070,1;0;462,9
21/9/21;9;2;13;145,06;145,06;23058,5;23918,7;6575;5862,2;29633,5;38040,7;0;712,8
21/9/21;9;2;14;132,5;132,5;22793,8;23813;6846,4;5517,1;29640,2;37909,3;0;1329,3
21/9/21;9;2;15;129,71;129,71;22942,1;23680;6766;5221,6;29708,1;37878,3;0;1544,4
21/9/21;9;2;16;128,53;128,53;22470,4;23433;7035,8;4967,8;29506,2;37707;0;2068
21/9/21;9;2;17;132,5;132,5;21032,3;22764,1;6893,9;4845,5;27926,2;36169,8;0;2048,4
21/9/21;9;2;18;150;150;19514,2;22244,5;6480,5;4753;25994,7;34397,6;0;1727,5
21/9/21;9;2;19;164,5;164,5;18347,7;21216;6339,4;4682,6;24687,1;33334,2;0;1656,8
21/9/21;9;2;20;187,92;187,92;19213,9;19175,2;6125,2;6250,8;25339,1;34271,2;125,6;0
21/9/21;9;2;21;190;190;20500,6;17974,7;6319,1;6395;26819,7;35842,6;75,9;0
21/9/21;9;2;22;186,13;186,13;20270,9;18054,3;6505,9;6272,5;26776,8;35927,2;0;233,4
21/9/21;9;2;23;164,34;164,34;18624,5;17509;6202,8;4868,3;24827,3;33441,1;0;1334,5
21/9/21;9;2;24;132,55;132,55;17132,8;15922,3;6062,1;4822,6;23194,9;31414,7;0;1239,5
22/9/21;9;3;1;160;160;15952,2;15017,6;5259,7;4594,3;21211,9;29324,3;0;665,4
22/9/21;9;3;2;150;150;15264,6;14064;4895;4495,6;20159,6;28064,3;0;399,4
22/9/21;9;3;3;147,3;147,3;14604,4;13255,8;4686,8;4435,4;19291,2;27053,8;0;251,4
22/9/21;9;3;4;150;150;14284,1;12934,6;4537,4;4286,9;18821,5;26463,7;0;250,5
22/9/21;9;3;5;160;160;13945,4;12631,5;4458,2;4172,1;18403,6;25939,7;0;286,1
22/9/21;9;3;6;172,71;172,71;14272,6;12709,1;4433,5;4397;18706,1;26205,9;0;36,5
22/9/21;9;3;7;181;181;16083,1;14032,1;4464,2;4915,2;20547,3;28167,9;451;0
22/9/21;9;3;8;195;190;18359,7;15173,5;4781,4;7081,4;23141,1;31486,7;2300;0
22/9/21;9;3;9;196,57;190;19115,3;16582,6;5175;7475;24290,3;32737,2;2300;0
22/9/21;9;3;10;185,26;185,26;20220,8;17636,8;5755,7;7189;25976,5;34522,2;1433,3;0
22/9/21;9;3;11;180,3;180,3;20950,8;19136,3;6152,8;6367,3;27103,6;35551,2;214,5;0
22/9/21;9;3;12;167,78;167,78;21947,5;20451;6294,6;6191,1;28242,1;36662,1;0;103,5
22/9/21;9;3;13;179,66;179,66;22577,8;21269,4;6448,7;6157,1;29026,5;37267;0;291,6
22/9/21;9;3;14;180;180;22340,8;21344,7;6406,5;5802,6;28747,3;37009;0;603,9
22/9/21;9;3;15;177;177;21951,3;21446,7;6356;5260,6;28307,3;36640,4;0;1095,4
22/9/21;9;3;16;160;160;21264,9;21195,7;6515,4;4984,6;27780,3;36218,3;0;1530,8
22/9/21;9;3;17;162,01;162,01;20614,2;20653;6507,6;4868,8;27121,8;35622,4;0;1638,8
22/9/21;9;3;18;179,45;179,45;20388,9;20039,7;6411,7;5160,9;26800,6;35392,9;0;1250,8
22/9/21;9;3;19;183,79;183,79;19238,7;19297,7;6189,8;5605,9;25428,5;34122,1;0;583,9
22/9/21;9;3;20;195;195;18851,5;18090,6;5993,7;7614,8;24845,2;33884,4;1621,1;0
22/9/21;9;3;21;196;196;20204;17504,5;6254,1;7737,1;26458,1;35615;1483;0
22/9/21;9;3;22;195,85;195,85;20157,2;17479,6;6427,1;7504,7;26584,3;35724,3;1077,6;0
22/9/21;9;3;23;185,25;185,25;17898;16560,5;6096,9;5834,4;23994,9;32786,3;0;262,5
22/9/21;9;3;24;181;181;16268,8;15156,8;5680,2;5192,2;21949;30054,6;0;488
23/9/21;9;4;1;162,5;162,5;16100,1;14622,3;5335,4;4813,2;21435,5;29559,2;0;522,2
23/9/21;9;4;2;140;140;15415,1;13878,3;4895,3;4432,1;20310,4;28321,9;0;463,2
23/9/21;9;4;3;133,97;133,97;15693,4;14092,8;4713,9;4314,5;20407,3;28196;0;399,4
23/9/21;9;4;4;132,3;132,3;15781,9;14050,7;4570,5;4301,7;20352,4;28017,5;0;268,8
23/9/21;9;4;5;132,3;132,3;15733;13970,1;4528,7;4291,6;20261,7;27907,8;0;237,1
23/9/21;9;4;6;133,97;133,97;15710,7;13851;4493,9;4353,6;20204,6;27928,5;0;140,3
23/9/21;9;4;7;165;165;16095,7;13941,2;4563,2;4717,7;20658,9;28771,4;154,5;0
23/9/21;9;4;8;176,95;176,95;18406,4;15439,5;4875,1;5842;23281,5;31922,9;966,9;0
23/9/21;9;4;9;184,75;184,75;19185,7;16124;5284,8;6969,2;24470,5;33196,6;1684,4;0
23/9/21;9;4;10;180,8;180,8;19927,9;17502,8;5962,7;6710;25890,6;34740,4;747,3;0
23/9/21;9;4;11;176,21;176,21;20575,6;18868,9;6229;5935,7;26804,6;35695,1;0;293,3
23/9/21;9;4;12;175;175;21164,8;19581,7;6322,1;5905,2;27486,9;36290,1;0;416,9
23/9/21;9;4;13;175,86;175,86;21925,6;20447,5;6474,9;5953;28400,5;37204,3;0;521,9
23/9/21;9;4;14;175,86;175,86;21941,7;20695,6;6426;5672,1;28367,7;37395,7;0;753,9
23/9/21;9;4;15;170,57;170,57;21536,5;20870,5;6355,7;5021,7;27892,2;37031,1;0;1334
23/9/21;9;4;16;135,49;135,49;19126,9;19876,7;6485,5;4599,3;25612,4;34693,4;0;1886,2
23/9/21;9;4;17;134,04;134,04;18820,5;19443,5;6495,8;4338;25316,3;34346,2;0;2157,8
23/9/21;9;4;18;170,61;170,61;20033,2;19770,4;6449,3;4712,1;26482,5;35569,5;0;1737,2
23/9/21;9;4;19;175,96;175,96;19352,1;18858,7;6299,1;4792,5;25651,2;34728,3;0;1506,6
23/9/21;9;4;20;187,28;187,28;18468,2;17823,7;6231,3;5679,8;24699,5;34090,9;0;551,5
23/9/21;9;4;21;192,52;192,52;19717,4;17594,7;6476,2;7293,5;26193,6;35721,9;817,3;0
23/9/21;9;4;22;191,15;191,15;19709,6;17317,1;6654,4;7046,9;26364;35816;392,5;0
23/9/21;9;4;23;185;185;17841,9;16344,6;6187,3;5684,6;24029,2;33047,7;0;502,7
23/9/21;9;4;24;176,47;176,47;16543,1;15698,1;5774,3;4619,3;22317,4;30752,7;0;1155
24/9/21;9;5;1;167,01;167,01;16188,2;15318,7;5324,9;4645,4;21513,1;29726,2;0;679,5
24/9/21;9;5;2;158,33;158,33;15452,1;14368,9;4942,1;4475,3;20394,2;28380,5;0;466,8
24/9/21;9;5;3;149,85;149,85;14984,5;13616;4708,7;4527,2;19693,2;27497,2;0;181,5
24/9/21;9;5;4;148,35;148,35;14628,2;13337,1;4554,3;4345,4;19182,5;26877,3;0;208,9
24/9/21;9;5;5;153,58;153,58;14507,9;13347,7;4485,1;4145,3;18993;26608,3;0;339,8
24/9/21;9;5;6;155,01;155,01;14678,5;13520;4465,5;4124;19144;26830,9;0;341,5
24/9/21;9;5;7;167,73;167,73;16225,5;14221,3;4531,3;5035,5;20756,8;28618,1;504,2;0
24/9/21;9;5;8;178,5;178,5;18449,8;16725,1;4839,7;6277;23289,5;31630,9;1437,3;0
24/9/21;9;5;9;182;182;19264,8;17147,1;5223,4;7057;24488,2;32862,9;1833,6;0
24/9/21;9;5;10;181,79;181,79;20127,3;18515,8;5858,1;6607,3;25985,4;34297,3;749,2;0
24/9/21;9;5;11;178,31;178,31;21133,3;19304,6;6138,8;6317,5;27272,1;35229,7;178,7;0
24/9/21;9;5;12;178,21;178,21;21805,9;20175,5;6279,1;6259,5;28085;35947,4;0;19,6
24/9/21;9;5;13;177,91;177,91;22592,9;20747;6404,5;6300,4;28997,4;36719,6;0;104,1
24/9/21;9;5;14;178,31;178,31;22927,1;21000,5;6303,4;6280;29230,5;36869,3;0;23,4
24/9/21;9;5;15;178,05;178,05;22430,6;21110,1;6296,9;6117,4;28727,5;36315,9;0;179,5
24/9/21;9;5;16;174,95;174,95;21421,6;20533;6516,7;5905,3;27938,3;35568,3;0;611,4
24/9/21;9;5;17;177,44;177,44;20758,5;19819,3;6493;5932,2;27251,5;34879;0;560,8
24/9/21;9;5;18;178,05;178,05;20681,1;19441,7;6414,4;6153,8;27095,5;34661,4;0;260,6
24/9/21;9;5;19;174,95;174,95;19961,3;17401,7;6257,9;5719,5;26219,2;34098,2;0;538,4
24/9/21;9;5;20;182;182;19445,2;16879,6;6165;6339,1;25610,2;33735,7;174,1;0
24/9/21;9;5;21;190;190;20502,5;16958,1;6405,5;7474;26908;35069,5;1068,5;0
24/9/21;9;5;22;188,21;188,21;20252,4;16437,1;6576,7;7294;26829,1;35166,7;717,3;0
24/9/21;9;5;23;179,7;179,7;18264,5;15890,8;6154,2;5429,9;24418,7;32756,7;0;724,3
24/9/21;9;5;24;172,95;172,95;16682,3;14413,1;5685,1;4856,3;22367,4;30244,9;0;828,8
25/9/21;9;6;1;185,23;185,23;15379,2;13656,2;5223,7;5146,7;20602,9;28433,6;0;77
25/9/21;9;6;2;185;185;14348,5;12826,2;4855,1;4577,4;19203,6;26948,8;0;277,7
25/9/21;9;6;3;180;180;13727,5;12610,2;4567,5;3884,8;18295;25985,4;0;682,7
25/9/21;9;6;4;174,84;174,84;13472,6;12512,7;4451,6;3711,5;17924,2;25420,4;0;740,1
25/9/21;9;6;5;168,22;168,22;13245;12098,1;4366,3;3813,2;17611,3;25029,7;0;553,1
25/9/21;9;6;6;167,88;167,88;13230,7;11948,2;4326,3;3908,8;17557;24795,3;0;417,5
25/9/21;9;6;7;168,22;168,22;13735,9;12072,1;4329,1;4292,9;18065;25356;0;36,2
25/9/21;9;6;8;179,1;179,1;14367,7;12486,4;4410,6;4591,9;18778,3;26064;181,3;0
25/9/21;9;6;9;178;178;15217,8;12807,3;4479,4;4739,9;19697,2;27029,1;260,5;0
25/9/21;9;6;10;180,3;180,3;16728,1;14706,3;4836,3;4708,1;21564,4;28999,8;0;128,2
25/9/21;9;6;11;175;175;18400,1;16845,7;5124,1;4528,5;23524,2;31138,7;0;595,6
25/9/21;9;6;12;163,63;163,63;18939,3;18347;5380;3922,3;24319,3;32103,1;0;1457,7
25/9/21;9;6;13;153,01;153,01;19320;18955,1;5576,2;3891,1;24896,2;32820,5;0;1685,1
25/9/21;9;6;14;130,03;130,03;18156,5;19695,7;7168,1;3833,3;25324,6;33346,7;0;3334,8
25/9/21;9;6;15;125,99;125,99;18482,3;19973,8;7239,1;3697,6;25721,4;33802,1;0;3541,5
25/9/21;9;6;16;114,96;135,14;18181;19961,5;6688;3589;24869;32988,8;0;3099
25/9/21;9;6;17;125,99;135,14;16563,9;19481,4;6692,9;3593,9;23256,8;31347,1;0;3099
25/9/21;9;6;18;151,71;151,71;14980,7;18814,1;5253,5;3520,1;20234,2;28239,8;0;1733,4
25/9/21;9;6;19;173,07;173,07;16503,5;17976,7;5239,5;4001,2;21743;29794,4;0;1238,3
25/9/21;9;6;20;185,85;185,85;15998,8;15924,6;5299,4;4859,1;21298,2;29434,2;0;440,3
25/9/21;9;6;21;188,17;188,17;17065,8;15797,7;5683,3;5498,2;22749,1;31314,4;0;185,1
25/9/21;9;6;22;188;188;17619,6;15722,6;5946,7;5044,7;23566,3;32216,1;0;902
25/9/21;9;6;23;182,44;182,44;16001,2;14529,4;5551,3;4224,1;21552,5;30067,8;0;1327,2
25/9/21;9;6;24;167,98;167,98;15212,3;14616,6;5198,1;2994,8;20410,4;28482,1;0;2203,3
26/9/21;9;7;1;180;180;14152,6;14584,3;4855;3173,3;19007,6;26843,4;0;1681,7
26/9/21;9;7;2;168,66;168,66;13341,9;14379,4;4478,6;2191,1;17820,5;25326,9;0;2287,5
26/9/21;9;7;3;164,02;164,02;12774,1;13832,7;4262,3;1953,7;17036,4;24243,5;0;2308,6
26/9/21;9;7;4;155,44;155,44;12509,1;13688,9;4084,5;1804,7;16593,6;23556,6;0;2279,8
26/9/21;9;7;5;155,44;155,44;12308,3;13425,3;3949,3;1732,3;16257,6;23060,4;0;2217
26/9/21;9;7;6;155,44;155,44;12256,3;13434,7;3932,6;1654,2;16188,9;22966,6;0;2278,4
26/9/21;9;7;7;165,77;165,77;12292,6;13525,5;3974,8;1641,9;16267,4;23159,3;0;2332,9
26/9/21;9;7;8;174,36;174,36;12469,2;13527;4009,8;1852;16479;23421,9;0;2157,8
26/9/21;9;7;9;173,44;173,44;12792;13685,5;4030,1;1736,6;16822,1;23839,4;0;2293,5
26/9/21;9;7;10;165,77;165,77;14262,8;15363,8;4279,9;1778,9;18542,7;25842,2;0;2501
26/9/21;9;7;11;153,53;153,53;15823,3;17028,6;4622,4;2017,1;20445,7;27751,3;0;2605,3
26/9/21;9;7;12;130;139,27;16233,8;18478,8;5665,5;2020,5;21899,3;29223;0;3645
26/9/21;9;7;13;129,47;135,2;17013,8;19178,8;6111,6;2196,6;23125,4;30502,1;0;3915
26/9/21;9;7;14;138,6;138,6;17304,4;19413,6;6174,8;2315,6;23479,2;30869;0;3859,2
26/9/21;9;7;15;135,14;135,14;17402,3;19433,4;6144,1;2363;23546,4;30939,4;0;3781,1
26/9/21;9;7;16;126;135,14;17268,1;19253,1;6100,7;2365,7;23368,8;30757;0;3735
26/9/21;9;7;17;115;134,1;16794,9;18779,9;6058,3;2323,3;22853,2;30230,4;0;3735
26/9/21;9;7;18;137,36;137,36;15430,3;17683,1;5678,6;2226,3;21108,9;28461,7;0;3452,3
26/9/21;9;7;19;170,8;170,8;15889,3;16778,3;4880,3;2324,1;20769,6;28122,7;0;2556,2
26/9/21;9;7;20;185,85;185,85;15548,8;14200,7;4949,1;4748,5;20497,9;28322;0;200,6
26/9/21;9;7;21;194;194;17226,5;14372,2;5434,2;6238,5;22660,7;30746,2;804,3;0
26/9/21;9;7;22;199;199;17960,8;15224,4;5681,3;6367,7;23642,1;31791,3;686,4;0
26/9/21;9;7;23;190,32;190,32;17077,1;14530,2;5422;5918,9;22499,1;30540,3;496,9;0
26/9/21;9;7;24;186,57;186,57;15448,9;13647,7;5095,9;4847,1;20544,8;28489,7;0;248,8
27/9/21;9;1;1;170,76;170,76;14465,1;14288,1;4738,6;3265,6;19203,7;26847,9;0;1473
27/9/21;9;1;2;154,58;154,58;13763,8;13518,1;4519,5;3115,2;18283,3;25866,2;0;1404,3
27/9/21;9;1;3;140,92;140,92;13383,8;13430,4;4529,3;2832,7;17913,1;25262,6;0;1696,6
27/9/21;9;1;4;138,6;138,6;13193,9;13822,1;5155,4;2977,2;18349,3;25561;0;2178,2
27/9/21;9;1;5;139,59;139,59;13247,8;13717,5;5079,2;3059,5;18327;25539,3;0;2019,7
27/9/21;9;1;6;140,92;140,92;13610,9;13033,5;4170,2;3197,6;17781,1;25164,2;0;972,6
27/9/21;9;1;7;174,36;174,36;15135,4;13711,7;4258;4131,7;19393,4;27187,9;0;126,3
27/9/21;9;1;8;184,73;184,73;17617,3;15786,3;4634;5420;22251,3;30523,3;786;0
27/9/21;9;1;9;190,84;190,84;18893,6;16634,5;5098,4;6521,9;23992;32189,9;1423,5;0
27/9/21;9;1;10;187,8;187,8;19976,2;18015;5773,5;6134,7;25749,7;33854,4;361,2;0
27/9/21;9;1;11;184,34;184,34;21102;20122,8;6089,9;5469,1;27191,9;34826,3;0;620,8
27/9/21;9;1;12;182,59;182,59;22107,4;21295,6;6194,6;5406,4;28302;35716;0;788,2
27/9/21;9;1;13;180;180;22903,4;22067,5;6381,1;5417;29284,5;36672,2;0;964,1
27/9/21;9;1;14;180,01;180,01;23195,7;22237;6286,4;5445,1;29482,1;36827,6;0;841,3
27/9/21;9;1;15;178,54;178,54;23080,3;22162,6;6222,6;5440,3;29302,9;36556,2;0;782,3
27/9/21;9;1;16;176,95;176,95;22376,1;21870,2;6375,2;5181,1;28751,3;35959,8;0;1194,1
27/9/21;9;1;17;174,36;174,36;21936,1;21738,9;6394,3;4891,5;28330,4;35537,2;0;1502,8
27/9/21;9;1;18;180;180;21454,3;20970,7;6392,1;5175,7;27846,4;35100,9;0;1216,4
27/9/21;9;1;19;181;181;20383,1;19201,8;6256,5;5337,8;26639,6;34066,6;0;918,7
27/9/21;9;1;20;187,94;187,94;19696,2;17998,5;6232,3;5830;25928,5;34076,5;0;402,3
27/9/21;9;1;21;195,26;195,26;21284,4;18792;6467,3;6859,7;27751,7;35951,8;392,4;0
27/9/21;9;1;22;195,26;195,26;21249,6;18956,1;6569,9;6763,4;27819,5;35890,8;193,5;0
27/9/21;9;1;23;190;190;18943,6;17097,6;6255,4;6001,4;25199;33017,4;0;254
27/9/21;9;1;24;183,05;183,05;17125,6;15639,7;5756,2;5142,1;22881,8;30367,8;0;614,1