Date;IBEOpen;IBEClose;IBEAdjClose;IBEVolume;IBEAdjReturns;IBEXOpen;IBEXClose;IBEXAdjClose;IBEXVolume;IBEXAdjReturn
22/6/21;10,78;10,81;10,373138;7668706;-0,035615163;9073,700195;9053,299805;9053,299805;137668000;-0,010957352
23/6/21;10,785;10,425;10,003697;12012466;0,004316604;9072,200195;8954,099609;8954,099609;112812200;0,013401682
24/6/21;10,48;10,47;10,046879;18045777;-0,010983909;9015,400391;9074,099609;9074,099609;130938500;0,002303302
25/6/21;10,465;10,355;9,936525;16120959;-0,000965629;9101;9095;9095;130343900;-0,019934008
28/6/21;10,21;10,345;9,92693;8342031;0,010633096;9075,5;8913,700195;8913,700195;152784500;0,000156996
29/6/21;10,325;10,455;10,032484;11080208;-0,016738527;8897,400391;8915,099609;8915,099609;142239100;-0,010532626
30/6/21;10,41;10,28;9,864555;20392805;0,007782105;8892,700195;8821,200195;8821,200195;190176400;0,012594614
1/7/21;10,315;10,36;9,941322;10477755;0,011100536;8862,299805;8932,299805;8932,299805;122723600;-0,002765267
2/7/21;10,38;10,475;10,051676;9564181;-0,004296;8951,700195;8907,599609;8907,599609;115691700;0,004355919
5/7/21;10,49;10,43;10,008494;6521310;0,013422899;8900,5;8946,400391;8946,400391;100801100;-0,00956816
6/7/21;10,375;10,57;10,142837;8977251;0,010406753;8924,099609;8860,799805;8860,799805;152719800;-0,000710975
7/7/21;10,58;10,68;10,248391;11334336;-0,020717301;8877,900391;8854,5;8854,5;149997700;-0,023084352
8/7/21;10,36;10,21;10,036072;17522003;0,00685577;8768,099609;8650,099609;8650,099609;201968800;0,014624109
9/7/21;10,2;10,28;10,104877;12084486;0,013132471;8680,799805;8776,599609;8776,599609;141622900;0,004569034
12/7/21;10,28;10,415;10,237579;11433074;-0,002400372;8791,900391;8816,700195;8816,700195;103461800;-0,013826079
13/7/21;10,405;10,39;10,213005;11221602;-0,008662191;8824,299805;8694,799805;8694,799805;133852800;-0,004197911
14/7/21;10,31;10,3;10,124538;13598864;-0,006796162;8674,700195;8658,299805;8658,299805;120506000;-0,015164618
15/7/21;10,25;10,23;10,05573;7491587;0,00635389;8626,400391;8527;8527;131271100;-0,002439288
16/7/21;10,275;10,295;10,119623;10259981;-0,016027079;8546,599609;8506,200195;8506,200195;147772600;-0,024041287
19/7/21;10,255;10,13;9,957435;11777693;0,000987102;8450,900391;8301,700195;8301,700195;212387300;0,00678172
20/7/21;10,135;10,14;9,967264;9496491;0,006903399;8337,799805;8358;8358;155554100;0,025005982
21/7/21;10,105;10,21;10,036072;15975338;0,015181139;8390,900391;8567;8567;160923000;0,006396616
22/7/21;10,265;10,365;10,188431;7416513;0,005788723;8604,099609;8621,799805;8621,799805;140853100;0,01106502
23/7/21;10,39;10,425;10,247409;8221629;-0,006714771;8657,400391;8717,200195;8717,200195;123289800;0,006653512
26/7/21;10,37;10,355;10,1786;6580240;-0,011588627;8655,099609;8775,200195;8775,200195;136517300;-0,008660771
27/7/21;10,3;10,235;10,060644;7732585;0,006350886;8723,700195;8699,200195;8699,200195;131607900;0,003965882
28/7/21;10,27;10,3;10,124538;5314943;0,004368989;8716,900391;8733,700195;8733,700195;153261800;0,006022603
29/7/21;10,315;10,345;10,168772;7921051;-0,017883182;8765,099609;8786,299805;8786,299805;188717200;-0,012587735
30/7/21;10,25;10,16;9,986922;12449651;0,000984387;8737,5;8675,700195;8675,700195;203148300;0,009566951
2/8/21;10,175;10,17;9,996753;4724417;0,009832793;8723,299805;8758,700195;8758,700195;140846000;0,001609783
3/8/21;10,17;10,27;10,095049;8495302;-0,00389488;8780,200195;8772,799805;8772,799805;131903900;0,00229124
4/8/21;10,29;10,23;10,05573;9272158;-0,004887562;8806,599609;8792,900391;8792,900391;117417500;0,004958501
5/8/21;10,26;10,18;10,006582;6150746;-0,00147343;8780;8836,5;8836,5;108944800;0,004809597
6/8/21;10,2;10,165;9,991838;5191159;0,001475604;8839,900391;8879;8879;139018600;-0,001475347
9/8/21;10,145;10,18;10,006582;4246712;-0,001964707;8870,200195;8865,900391;8865,900391;102353900;0,003733361
10/8/21;10,185;10,16;9,986922;5311971;0,003936949;8867,599609;8899;8899;106389600;0,008630161
11/8/21;10,175;10,2;10,02624;6333424;-0,006372379;8915,900391;8975,799805;8975,799805;112210300;0,000401144
12/8/21;10,18;10,135;9,962349;5484016;0,001479972;8974,099609;8979,400391;8979,400391;98153900;0,002271801
13/8/21;10,115;10,15;9,977093;12074105;0,005911441;8987,900391;8999,799805;8999,799805;90564900;-0,008133536
16/8/21;10,09;10,21;10,036072;5622034;0,005876502;8933,700195;8926,599609;8926,599609;96313400;-0,006822241
17/8/21;10,2;10,27;10,095049;6390515;0,01752671;8872,400391;8865,700195;8865,700195;128850900;0,011786999
18/8/21;10,27;10,45;10,271982;11772655;0,019617246;8852,700195;8970,200195;8970,200195;112288100;-0,007580656
19/8/21;10,36;10,655;10,47349;13512541;0,009854595;8839,900391;8902,200195;8902,200195;137588100;0,001471503
20/8/21;10,71;10,76;10,576702;16923033;-0,008364328;8893,700195;8915,299805;8915,299805;126918700;0,005922381
23/8/21;10,815;10,67;10,488235;9220157;-0,00843488;8973,400391;8968,099609;8968,099609;91085100;-0,002174374
24/8/21;10,62;10,58;10,399768;8996740;-0,004725971;8996,099609;8948,599609;8948,599609;101636400;0,003218468
25/8/21;10,57;10,53;10,350619;8797384;-0,005223166;8958,700195;8977,400391;8977,400391;128024000;-0,009434824
26/8/21;10,5;10,475;10,296556;11179392;-0,002386623;8945;8892,700195;8892,700195;101735300;0,003317328
27/8/21;10,455;10,45;10,271982;5748976;0;8899,099609;8922,200195;8922,200195;74733200;-0,006085921
30/8/21;10,445;10,45;10,271982;5251302;0,004306277;8925,700195;8867,900391;8867,900391;54118400;-0,00240201
31/8/21;10,43;10,495;10,316216;11879531;0,008575528;8880,599609;8846,599609;8846,599609;185163000;0,016379219
1/9/21;10,515;10,585;10,404683;10357027;0,003778875;8923,700195;8991,5;8991,5;132646000;-0,00112324
2/9/21;10,55;10,625;10,444001;8276369;-0,006588184;8982,099609;8981,400391;8981,400391;100427500;-0,013071502
3/9/21;10,61;10,555;10,375194;11292885;-0,013263848;8981,5;8864;8864;139726800;0,002064509
6/9/21;10,5;10,415;10,237579;6988604;-0,003360462;8889,5;8882,299805;8882,299805;67762300;0,00137354
7/9/21;10,4;10,38;10,203176;11008302;-0,002890277;8889,900391;8894,5;8894,5;114239200;-0,006273518
8/9/21;10,32;10,35;10,173686;12448155;-0,007246439;8856,5;8838,700195;8838,700195;155622500;-0,004310655
9/9/21;10,26;10,275;10,099963;10504093;-0,019951261;8783,400391;8800,599609;8800,599609;149890500;-0,011965072
10/9/21;10,275;10,07;9,898456;14817935;0,018371451;8826,099609;8695,299805;8695,299805;139696400;0,01389254
13/9/21;10,11;10,255;10,080305;9436161;-0,01706496;8724,200195;8816,099609;8816,099609;115679900;-0,004094737
14/9/21;10,08;10,08;9,908285;18445956;-0,057936464;8801,400391;8780;8780;128773000;-0,016469204
15/9/21;10,01;9,496;9,334234;26771193;-0,013268684;8756,700195;8635,400391;8635,400391;178101000;0,011383352
16/9/21;9,5;9,37;9,210381;29504918;-0,001707638;8659,599609;8733,700195;8733,700195;186043200;0,003114395
17/9/21;9,43;9,354;9,194653;48169878;-0,00983539;8789,700195;8760,900391;8760,900391;588035300;-0,012042141
20/9/21;9,28;9,262;9,10422;21749717;0,007773758;8643,700195;8655,400391;8655,400391;277154700;0,011622756
21/9/21;9,344;9,334;9,174994;14504922;-0,008570905;8710;8756;8756;194808200;0,005984512
22/9/21;9,266;9,254;9,096356;15801628;0,004970892;8826,299805;8808,400391;8808,400391;173512900;0,007776667
23/9/21;9,326;9,3;9,141573;10113730;-0,008817192;8882;8876,900391;8876,900391;151032900;-0,000428165
24/9/21;9,268;9,218;9,06097;9066171;-0,00238661;8848,5;8873,099609;8873,099609;140557900;0,014628573
27/9/21;9,27;9,196;9,039345;8693549;-0,023488538;8925,099609;9002,900391;9002,900391;203426300;-0,025936086
28/9/21;9,2;8,98;8,827024;14888370;-0,005122451;9014,299805;8769,400391;8769,400391;207454000;0,012543617
29/9/21;9,006;8,934;8,781808;15076434;-0,027982962;8820,5;8879,400391;8879,400391;178659800;-0,009358806
30/9/21;8,982;8,684;8,536067;15100852;0,005066736;8943,700195;8796,299805;8796,299805;195050400;0,000363811
1/10/21;8,626;8,728;8,579317;11647076;-0,010311777;8693,400391;8799,5;8799,5;182239800;-0,000886392
4/10/21;8,75;8,638;8,490849;11474213;0,017365283;8801,700195;8791,700195;8791,700195;149564600;0,015435035
5/10/21;8,684;8,788;8,638295;13260370;0,001137956;8803,200195;8927,400391;8927,400391;169714200;-0,017071083
6/10/21;8,796;8,798;8,648125;11994405;0,07001587;8884,900391;8775;8775;183948100;0,021401687
7/10/21;9,3;9,414;9,253631;26371497;0,002336921;8880,599609;8962,799805;8962,799805;201215200;-0,000870242
8/10/21;9,652;9,436;9,275256;20245668;-0,016956297;8964,900391;8955;8955;141240900;-0,00625349
11/10/21;9,466;9,276;9,117982;9732951;0,009055622;8929,400391;8899;8899;125070900;0,004146577
12/10/21;9,204;9,36;9,200551;10468300;0,013034219;8807,700195;8935,900391;8935,900391;163366100;-0,006098994
13/10/21;9,318;9,482;9,320473;17053763;0,011600806;8915,700195;8881,400391;8881,400391;191875300;0,004909092
14/10/21;9,516;9,592;9,428598;20188598;-0,015012412;8944,5;8925;8925;155212800;0,008067227
15/10/21;9,62;9,448;9,287052;24706474;-0,005715484;8969,5;8997;8997;217374300;-0,006780038
18/10/21;9,442;9,394;9,233972;7984880;0,026825617;8984,400391;8936;8936;139680500;0,006747964
19/10/21;9,5;9,646;9,481679;11426731;0,019489797;8959,5;8996,299805;8996,299805;160869900;0,002401052
20/10/21;9,544;9,834;9,666475;18343985;-0,008338303;8966,599609;9017,900391;9017,900391;160127000;-0,00816161
21/10/21;9,74;9,752;9,585873;15852787;-0,003691474;8964,599609;8944,299805;8944,299805;153309300;-0,00423727
22/10/21;9,684;9,716;9,550487;13272278;-0,006793057;8952,200195;8906,400391;8906,400391;134363800;0,001628043
25/10/21;9,742;9,65;9,48561;8520266;0,024455992;8932,799805;8920,900391;8920,900391;159716400;0,009046084
26/10/21;9,682;9,886;9,71759;14562407;0,016589298;8925,5;9001,599609;9001,599609;137320700;-0,003254955
27/10/21;9,9;10,05;9,878798;14756066;0,019900397;8995,099609;8972,299805;8972,299805;167907900;0,005962797
28/10/21;10,095;10,25;10,07539;26932723;-0,003414657;8958,900391;9025,799805;9025,799805;180332000;0,003534356
29/10/21;10,24;10,215;10,040986;15576013;0,007831601;9002,599609;9057,700195;9057,700195;228787400;0,013789308
1/11/21;10,165;10,295;10,119623;13851283;0;9064,599609;9182,599609;9182,599609;164893900;-0,008374471
2/11/21;10,305;10,295;10,119623;18360289;-0,015055798;9160,599609;9105,700195;9105,700195;130170200;-0,00822566
3/11/21;10,295;10,14;9,967264;14392946;0,006410285;9084,5;9030,799805;9030,799805;162875200;0,000952361
4/11/21;10,07;10,205;10,031157;10088188;0,006859229;9054,299805;9039,400391;9039,400391;221406600;0,010089078
5/11/21;10,2;10,275;10,099963;10477490;-0,013625198;9038;9130,599609;9130,599609;193267200;-0,006549384
8/11/21;10,29;10,135;9,962349;8657795;-0,003453402;9133,099609;9070,799805;9070,799805;135353600;0,000452064
9/11/21;10,1;10,1;9,927945;9161349;0,005940504;9051;9074,900391;9074,900391;132145800;0,007371917
10/11/21;10,05;10,16;9,986922;6506059;-0,003444905;9059,599609;9141,799805;9141,799805;146839500;-0,005425585
11/11/21;10,15;10,125;9,952518;16402502;-0,005431992;9127,900391;9092,200195;9092,200195;150325800;-0,001253865
12/11/21;10,025;10,07;9,898456;6751794;0,012413047;9079,599609;9080,799805;9080,799805;119663100;0,001640868
15/11/21;10,055;10,195;10,021326;7162507;-0,000490454;9036,099609;9095,700195;9095,700195;144108200;-0,006101784
16/11/21;10,15;10,19;10,016411;6864672;0,000490695;9086,099609;9040,200195;9040,200195;155279200;-0,005176855
17/11/21;10,215;10,195;10,021326;6312043;-0,003433079;9042,900391;8993,400391;8993,400391;139172900;-0,010029599
18/11/21;10,2;10,16;9,986922;8168436;-0,00688961;8984,700195;8903,200195;8903,200195;181599400;-0,016847875
19/11/21;10,2;10,09;9,918116;16369648;-0,006442151;8942;8753,200195;8753,200195;278697700;0,007779967
22/11/21;10,03;10,025;9,854222;9190844;0,001496313;8774,099609;8821,299805;8821,299805;204208200;-0,000702866
23/11/21;9,978;10,04;9,868967;21330115;0,004482029;8763;8815,099609;8815,099609;196115700;-0,002620459
24/11/21;10,05;10,085;9,9132;10257358;0,017848424;8827,5;8792;8792;174078100;0,005561919
25/11/21;10,085;10,265;10,090135;11241461;-0,031076591;8814,599609;8840,900391;8840,900391;118560500;-0,04956511
26/11/21;9,984;9,946;9,776568;19748774;-0,003016191;8592,299805;8402,700195;8402,700195;453060000;0,006247992
29/11/21;9,942;9,916;9,74708;10016805;-0,001210209;8487,599609;8455,200195;8455,200195;240648500;-0,017752458
30/11/21;9,898;9,904;9,735284;56338346;0,015751261;8345,5;8305,099609;8305,099609;369395400;0,017760172
1/12/21;9,896;10,06;9,888627;13603622;-0,042743548;8357,099609;8452,599609;8452,599609;203999700;-0,017958949
2/12/21;9,86;9,63;9,465952;22198647;0,006645924;8335,700195;8300,799805;8300,799805;197930100;-0,007119749
3/12/21;9,706;9,694;9,528862;29619675;0,027645904;8371,900391;8241,700195;8241,700195;169541900;0,024024169
6/12/21;9,76;9,962;9,792296;11349104;0,009837427;8323,799805;8439,700195;8439,700195;143535600;0,014194794
7/12/21;9,972;10,06;9,888627;9951105;-0,004970255;8523,599609;8559,5;8559,5;170695000;-0,009474807
8/12/21;10,05;10,01;9,839478;10183551;-0,014385621;8527,599609;8478,400391;8478,400391;221534000;-0,009294298
9/12/21;10,03;9,866;9,697931;9385518;-0,012973901;8490,299805;8399,599609;8399,599609;144639700;-0,00469063
10/12/21;9,806;9,738;9,572111;8661584;0,006777711;8356,700195;8360,200195;8360,200195;116318700;-0,004485539
13/12/21;9,702;9,804;9,636988;22750510;-0,005508049;8380,599609;8322,700195;8322,700195;140412000;0,006704531
14/12/21;9,87;9,75;9,583907;11139472;0,003282064;8358,799805;8378,5;8378,5;163938900;-0,012353046
15/12/21;9,74;9,782;9,615362;7473701;0,009813983;8382,900391;8275;8275;147413800;0,012688822
16/12/21;9,868;9,878;9,709727;10655923;-0,013160514;8387,400391;8380;8380;198862600;-0,008162338
17/12/21;9,916;9,748;9,581942;40721754;-0,001025992;8328,5;8311,599609;8311,599609;323190600;-0,00832562
20/12/21;9,572;9,738;9,572111;34678966;0,016635933;8113,5;8242,400391;8242,400391;172112600;0,017604048
21/12/21;9,792;9,9;9,731352;25550081;0,004444398;8344,700195;8387,5;8387,5;143384500;0,008536466
22/12/21;9,906;9,944;9,774602;5745510;0,013676567;8388,900391;8459,099609;8459,099609;115841000;0,012365452
23/12/21;9,938;10,08;9,908285;6618825;-0,004960293;8476,799805;8563,700195;8563,700195;142486900;0,006819414
27/12/21;10,06;10,03;9,859137;5529024;0,02592235;8512,200195;8622,099609;8622,099609;93359100;0,007747624
28/12/21;10,04;10,29;10,114709;7228174;-0,000485926;8623,5;8688,900391;8688,900391;90378100;-0,001749381
29/12/21;10,33;10,285;10,109794;5413653;0,012153561;8691,5;8673,700195;8673,700195;110775600;0,004623126
30/12/21;10,31;10,41;10,232664;9249684;0,003362174;8665,799805;8713,799805;8713,799805;127210400;0,005439692
3/1/22;10,38;10,445;10,267068;8281229;-0,005744386;8729,700195;8761,200195;8761,200195;117500900;0,003949186
4/1/22;10,5;10,385;10,20809;9869738;-0,006740634;8821,599609;8795,799805;8795,799805;192378100;-0,000568453
5/1/22;10,38;10,315;10,139281;12421625;-0,006301334;8799,599609;8790,799805;8790,799805;146051700;-0,000102313
6/1/22;10,225;10,25;10,07539;12555060;0,000487822;8664,599609;8789,900391;8789,900391;174962400;-0,004334587
7/1/22;10,21;10,255;10,080305;12965678;-0,006445241;8781,900391;8751,799805;8751,799805;170218700;-0,005130306
10/1/22;10,145;10,02;10,015335;10722150;0,000498935;8771,400391;8706,900391;8706,900391;183558300;0,00562772
11/1/22;9,99;10,025;10,020332;14101927;-0,003491202;8726,799805;8755,900391;8755,900391;169260700;0,001644538
12/1/22;10,05;9,99;9,985349;18614818;0,002002033;8803,099609;8770,299805;8770,299805;164262600;0,005313454
13/1/22;9,97;10,01;10,00534;10892929;-0,007792239;8755,900391;8816,900391;8816,900391;155323200;-0,0011683
14/1/22;9,95;9,932;9,927376;12449056;0,011377327;8767,400391;8806,599609;8806,599609;158545900;0,00364506
17/1/22;10,005;10,045;10,040323;7248657;-0,008860074;8848,400391;8838,700195;8838,700195;136556800;-0,006460292
18/1/22;10,005;9,956;9,951365;8597975;0,00401764;8811;8781,599609;8781,599609;158132300;-0,00076287
19/1/22;9,892;9,996;9,991346;9645676;0,022408993;8758,599609;8774,900391;8774,900391;226234800;0,004524179
20/1/22;10,03;10,22;10,215242;11703858;-0,007338544;8783,299805;8814,599609;8814,599609;162948900;-0,013602366
21/1/22;10,11;10,145;10,140277;43303025;-0,017249825;8702,299805;8694,700195;8694,700195;227841100;-0,031847031
24/1/22;10,095;9,97;9,965359;16061572;-0,006018147;8660;8417,799805;8417,799805;275306600;0,007329729
25/1/22;10,17;9,91;9,905386;11423143;0,009081726;8488,400391;8479,5;8479,5;200726000;0,016592982
26/1/22;9,95;10;9,995344;9021364;0,019499979;8526,599609;8620,200195;8620,200195;206013700;0,009953343
27/1/22;9,89;10,195;10,190253;19518250;-0,007356441;8503,599609;8706;8706;267817900;-0,011049873
28/1/22;10,155;10,12;10,115289;11111268;0,003952532;8705,700195;8609,799805;8609,799805;187559100;0,00034844
31/1/22;10,165;10,16;10,15527;11329061;0,004921287;8697,099609;8612,799805;8612,799805;213539000;0,013224549
1/2/22;10,22;10,21;10,205247;9973993;-0,006366333;8679,900391;8726,700195;8726,700195;208657000;-0,001546976
2/2/22;10,305;10,145;10,140277;8390377;-0,023952699;8782,900391;8713,200195;8713,200195;182818500;-0,002731465
3/2/22;10,135;9,902;9,89739;20631363;-0,020399924;8694,400391;8689,400391;8689,400391;276245200;-0,01151985
4/2/22;9,912;9,7;9,695484;13170676;-0,020824747;8741,599609;8589,299805;8589,299805;314163100;-0,003597431
7/2/22;9,75;9,498;9,493578;19301933;-0,010949612;8646,299805;8558,400391;8558,400391;255601400;0,013577212
8/2/22;9,502;9,394;9,389627;16607315;0,017457882;8576,400391;8674,599609;8674,599609;282897600;0,019805039
9/2/22;9,468;9,558;9,55355;8112833;-0,000627725;8736,299805;8846,400391;8846,400391;262478800;0,004498983
10/2/22;9,574;9,552;9,547553;9950369;-0,011306457;8871,5;8886,200195;8886,200195;281274100;-0,009914315
11/2/22;9,45;9,444;9,439604;8533001;-0,031766269;8797,299805;8798,099609;8798,099609;213210700;-0,02549412
14/2/22;9,3;9,144;9,139743;10668383;0,028215235;8583,900391;8573,799805;8573,799805;310665400;0,016818703
15/2/22;9,106;9,402;9,397623;10473256;0,001276174;8533,299805;8718;8718;207323900;0,002202362
16/2/22;9,35;9,414;9,409616;18877136;-0,00063722;8735,299805;8737,200195;8737,200195;171253100;-0,00756542
17/2/22;9,402;9,408;9,40362;30377607;-0,01254251;8713;8671,099609;8671,099609;171634300;-0,009352863
18/2/22;9,426;9,29;9,285675;11875480;-0,018299262;8678,900391;8590;8590;189687500;-0,011769454
21/2/22;9,356;9,12;9,115754;6691842;0,011403555;8638,799805;8488,900391;8488,900391;164763000;0,000506521
22/2/22;9;9,224;9,219706;12906455;0,013009417;8295,200195;8493,200195;8493,200195;231609100;-0,006252129
23/2/22;9,24;9,344;9,339649;18877960;0,009417806;8519,099609;8440,099609;8440,099609;190892300;-0,028625208
24/2/22;8,988;9,432;9,427608;33791347;0,05216286;8084,200195;8198,5;8198,5;526124700;0,035140527
25/2/22;9,508;9,924;9,919379;21531450;0,025796171;8242,900391;8486,599609;8486,599609;381377500;-0,000871894
28/2/22;9,8;10,18;10,175261;34879207;-0,061689622;8302,799805;8479,200195;8479,200195;396635800;-0,034319275
1/3/22;10,16;9,552;9,547553;24155537;0,002512581;8462,099609;8188,200195;8188,200195;360174600;0,016218437
2/3/22;9,522;9,576;9,571542;32433476;-0,05325819;8145,899902;8321;8321;339701800;-0,037207078
3/3/22;9,494;9,066;9,061779;18573239;-0,011691965;8296,099609;8011,399902;8011,399902;297390300;-0,036260829
4/3/22;9,068;8,96;8,955829;17793605;0,025669539;7988,5;7720,899902;7720,899902;395646300;-0,009882242
7/3/22;8,78;9,19;9,185721;23361083;0,027203526;7510,399902;7644,600098;7644,600098;469180400;0,018156581
8/3/22;9,164;9,44;9,435605;28301967;0,038135657;7569,799805;7783,399902;7783,399902;372800500;0,048783334
9/3/22;9,792;9,8;9,795438;22519452;-0,013265359;8043,399902;8163,100098;8163,100098;358258700;-0,011490768
10/3/22;9,73;9,67;9,665498;24127765;0,015925615;8166,5;8069,299805;8069,299805;320297800;0,009021885
11/3/22;9,742;9,824;9,819427;15528580;0,003664369;8115,299805;8142,100098;8142,100098;333210300;0,011336178
14/3/22;9,93;9,86;9,855409;13353805;-0,001014164;8228,900391;8234,400391;8234,400391;236741400;0,000206356
15/3/22;9,798;9,85;9,845414;23915871;-0,007715775;8150,200195;8236,099609;8236,099609;238010100;0,017520524
16/3/22;9,96;9,774;9,769449;20055500;0,003274084;8375,700195;8380,400391;8380,400391;331698500;0,003770656
17/3/22;9,722;9,806;9,801435;13993124;-0,005710796;8409,5;8412;8412;243534800;0,000665669
18/3/22;9,762;9,75;9,745461;27526442;0,000615261;8422,400391;8417,599609;8417,599609;336645800;-0,003373814
21/3/22;9,75;9,756;9,751457;21289854;0,006765143;8417,299805;8389,200195;8389,200195;149776400;0,011681686
22/3/22;9,772;9,822;9,817427;11086845;-0,034412479;8415,700195;8487,200195;8487,200195;176349800;-0,018710505
23/3/22;9,806;9,484;9,479585;19276885;0,006326437;8509,599609;8328,400391;8328,400391;184043600;-0,00279775
24/3/22;9,536;9,544;9,539557;22204392;-0,000838194;8352,099609;8305,099609;8305,099609;175543500;0,003070403
25/3/22;9,526;9,536;9,531561;6556492;0,022650854;8314,099609;8330,599609;8330,599609;156189000;0,004201378
28/3/22;9,558;9,752;9,747459;12508626;0,023585018;8354,400391;8365,599609;8365,599609;167961800;0,029764752
29/3/22;9,82;9,982;9,977353;23662983;-0,004408083;8451;8614,599609;8614,599609;257812200;-0,007429248
30/3/22;9,904;9,938;9,933372;8892934;-0,001811167;8583,299805;8550,599609;8550,599609;185389000;-0,012338316
31/3/22;9,95;9,92;9,915381;10870374;-0,000604818;8562,599609;8445,099609;8445,099609;220117500;0,006939005
1/4/22;9,954;9,914;9,909384;16055040;0,011700626;8481,700195;8503,700195;8503,700195;150411500;0,002010843
4/4/22;9,97;10,03;10,02533;9241457;0,045363893;8536,099609;8520,799805;8520,799805;141856900;0,012029387
5/4/22;10;10,485;10,480118;20524418;0,024797335;8529,799805;8623,299805;8623,299805;180391500;-0,016374265
6/4/22;10,45;10,745;10,739997;18527464;-0,023266673;8600,599609;8482,099609;8482,099609;273331900;-0,001732969
7/4/22;10,72;10,495;10,490113;17587247;0,030490711;8512,700195;8467,400391;8467,400391;223340300;0,0164159
8/4/22;10,59;10,815;10,809964;12445451;-0,022653637;8562,200195;8606,400391;8606,400391;175189100;-0,002486567
11/4/22;10,65;10,57;10,565079;13000133;-0,008514655;8580,900391;8585;8585;167801800;-0,000815376
12/4/22;10,4;10,48;10,475121;19069930;-0,008587777;8469,799805;8578;8578;194796800;0,004639753
13/4/22;10,32;10,39;10,385163;11943532;0,011068387;8533,400391;8617,799805;8617,799805;161724300;0,009422381
14/4/22;10,35;10,505;10,50011;18633074;-0,00380777;8626,299805;8699;8699;172576200;-0,000574779
19/4/22;10,42;10,465;10,460128;9764157;0,014811195;8677;8694;8694;157017000;0,00868415
20/4/22;10,47;10,62;10,615055;10985368;-0,009416155;8713,400391;8769,5;8769,5;188717400;0,00514278
21/4/22;10,625;10,52;10,515102;16111484;-0,008079807;8791,599609;8814,599609;8814,599609;208123800;-0,018412612
22/4/22;10,39;10,435;10,430142;50291361;0,014374684;8712,5;8652,299805;8652,299805;220990200;-0,008980294
25/4/22;10,34;10,585;10,580072;11997144;-0,003778897;8535,599609;8574,599609;8574,599609;189832600;-0,01577914
26/4/22;10,695;10,545;10,540091;20122492;0,019914629;8687,700195;8439,299805;8439,299805;321479300;0,004550187
27/4/22;10,445;10,755;10,749993;20138853;0,03161323;8458,799805;8477,700195;8477,700195;243349200;0,0040695
28/4/22;10,86;11,095;11,089835;21337140;-0,00766116;8515,799805;8512,200195;8512,200195;234735800;0,008458448
29/4/22;11,04;11,01;11,004874;11291314;-0,008174378;8572,099609;8584,200195;8584,200195;218569900;-0,017264299
2/5/22;10,985;10,92;10,914916;11375552;0,010531093;8516,599609;8436;8436;158843800;0,018278828
3/5/22;10,925;11,035;11,029862;11304751;-0,00271862;8501,900391;8590,200195;8590,200195;173278100;-0,010442154
4/5/22;11,025;11,005;10,999876;7086194;-0,017264922;8594,799805;8500,5;8500,5;158306400;-0,007740698
5/5/22;11,08;10,815;10,809964;12163133;-0,013869611;8636,700195;8434,700195;8434,700195;252403200;-0,013361494
6/5/22;10,735;10,665;10,660034;12751032;-0,005157019;8398,599609;8322;8322;314494000;-0,02196585
9/5/22;10,685;10,61;10,60506;22478668;-0,005183752;8280,099609;8139,200195;8139,200195;192928700;0
10/5/22;10,65;10,555;10,550086;7966344;0,030317383;8219,299805;8139,200195;8139,200195;204415900;0,021304233
11/5/22;10,635;10,875;10,869937;13238359;-0,022528741;8187,100098;8312,599609;8312,599609;199584100;-0,013497489
12/5/22;10,76;10,63;10,625051;11047917;0,004703695;8183,200195;8200,400391;8200,400391;202060000;0,016791768
13/5/22;10,695;10,68;10,675028;9295587;0,00983145;8263,400391;8338,099609;8338,099609;148599600;0,001871
16/5/22;10,6;10,785;10,779979;6829087;0,000463545;8316,299805;8353,700195;8353,700195;118777700;0,014604307
17/5/22;10,81;10,79;10,784976;5239815;0,00880447;8422,5;8475,700195;8475,700195;156305200;8,26122E-05
18/5/22;10,86;10,885;10,879932;7604972;-0,011024242;8492,799805;8476,400391;8476,400391;156404000;-0,008305458
19/5/22;10,84;10,765;10,759989;11886394;0,03111927;8416,099609;8406;8406;155481600;0,009338568
20/5/22;10,865;11,1;11,094832;22219036;0,00405414;8464,900391;8484,5;8484,5;172383300;0,016653875
23/5/22;11,14;11,145;11,139812;7518753;-0,001345983;8600,400391;8625,799805;8625,799805;166876400;0,000626074
24/5/22;10,98;11,13;11,124818;10132865;0,025606441;8537,799805;8631,200195;8631,200195;207033000;0,014945778
25/5/22;11,4;11,415;11,409685;30635161;-0,011388483;8723,099609;8760,200195;8760,200195;203488200;0,014679985
26/5/22;11,425;11,285;11,279746;12081797;0,001772292;8787,5;8888,799805;8888,799805;203819800;0,005040028
27/5/22;11,315;11,305;11,299737;11606250;-0,017249074;8904;8933,599609;8933,599609;194951400;-0,000313402
30/5/22;11,32;11,11;11,104827;10874382;-0,006750668;8975,599609;8930,799805;8930,799805;159281100;-0,008879362
31/5/22;11,095;11,035;11,029862;19012836;-0,017217804;8898,799805;8851,5;8851,5;314821900;-0,011783292
1/6/22;11,03;10,845;10,839952;36540994;-0,005071609;8881,299805;8747,200195;8747,200195;163198400;-0,000354466
2/6/22;10,81;10,79;10,784976;7206520;0,00185369;8778,900391;8744,099609;8744,099609;103691200;-0,00220718
3/6/22;10,89;10,81;10,804968;6303997;0,008325522;8800,700195;8724,799805;8724,799805;95868700;0,012779663
6/6/22;10,895;10,9;10,894925;23235655;-0,005963327;8785,299805;8836,299805;8836,299805;124143400;0,000599776
7/6/22;10,845;10,835;10,829955;38127979;-0,008767811;8793,299805;8841,599609;8841,599609;139318200;0,000124478
8/6/22;10,825;10,74;10,735;10540805;-0,013507219;8876,700195;8842,700195;8842,700195;145183000;-0,014871023
9/6/22;10,69;10,59;10,59;10169417;-0,026440038;8812,5;8711,200195;8711,200195;174009600;-0,036803262
10/6/22;10,48;10,31;10,31;36148059;-0,020368574;8662;8390,599609;8390,599609;271499400;-0,024706197
13/6/22;10,2;10,1;10,1;12548673;-0,022574257;8312,900391;8183,299805;8183,299805;266905800;-0,014285179
14/6/22;10,095;9,872;9,872;10712708;0,011345219;8229,200195;8066,399902;8066,399902;175608800;0,0134261
15/6/22;10,02;9,984;9,984;13131580;-0,010616987;8201,200195;8174,700195;8174,700195;194099900;-0,011816959
16/6/22;9,986;9,878;9,878;11573296;-0,001822231;8157,5;8078,100098;8078,100098;162994800;0,008393038
17/6/22;9,908;9,86;9,86;42068715;0,015212982;8107,600098;8145,899902;8145,899902;395310900;0,017198848
20/6/22;9,93;10,01;10,01;5907303;-0,027172827;8180,399902;8286;8286;143710700;-0,006082596